aau_name;kilde;artikel_id;url;UDD5;UDD5tx;Titel;Educational_Category;displaydocclass;kaldenavn;instpostdistriktconcat;instbelkomconcat;hovedinst;hovedinsttx;instpostnr;instpostdistrikt;instkommunetx;instkommune;insttx;inst;timetal_WithFewStudents;timetal_WithManyStudents;timetal_PerStudent;timetal_statusaar;uddaktivitet_undervisning_pct;uddaktivitet_praktik_pct;uddaktivitet_opgaver_pct;uddaktivitet_udlandsophold_pct;uddaktivitet_statusaar;forskerdaekning_VipLessons_pct;forskerdaekning_DVipLessons_pct;forskerdaekning_OtherLessons_pct;forskerdaekning_statusaar;maanedloenp25_nyudd;maanedloen_nyudd;maanedloenp75_nyudd;maanedloen_nyudd_n;maanedloen_nyudd_statusaar;ledighed_nyudd;ledighed_nyudd_statusaar;ledighed_nyudd_n;studietid;studietidtx;studietid_n;studietid_statusaar;afbrud;afbrud_statusaar;afbrud_n;branchetxt1;branchetxt2;branchetxt3;branchetxt4;branchepct1;branchepct2;branchepct3;branchepct4;offt_privat;branche_statusaar;branche_n;maanedloenp25_10aar;maanedloen_10aar;maanedloenp75_10aar;maanedloen_10aar_n;maanedloen_10aar_statusaar;ledighed_10aar;ledighed_10aar_statusaar;ledighed_10aar_n;ivaerksaetteri;ivaerksaetteri_statusaar;ivaerksaetteri_n;arbejdsform_andet_pct;arbejdsform_andet_pct2;arbejdsform_faste_aften_nat_pct;arbejdsform_fastedagtimer_pct;arbejdsform_fleksible_pct;arbejdsform_skiftende_pct;arbejdsform_tilretteselv_pct;arbejdsform_n;arbejdsform_statusaar;arbejdstid_timer;arbejdstid_n;arbejdstid_statusaar;dimbesvarelser_antal;dimbesvarelser_pct;fagligmiljo_likert;fagligmiljo_n;fagligmiljo_statusaar;fagligtmotivation_likert;fagligtmotivation_n;fagligtmotivation_statusaar;foerstejob1pct;foerstejob2pct;foerstejob3pct;foerstejob4pct;foerstejob1tx;foerstejob2tx;foerstejob3tx;foerstejob4tx;foerstejob_n;foerstejob_statusaar;jobskabende_p1;jobskabende_p2;jobskabende_p3;jobskabende_p4;jobskabende_p5;jobskabende_n;jobskabende_statusaar;kompetencerudd_p1;kompetencerudd_p2;kompetencerudd_p3;kompetencerudd_p4;kompetencerudd_p5;kompetencerudd_n;kompetencerudd_statusaar;kvalitet_likert;kvalitet_n;kvalitet_statusaar;medstuderende_likert;medstuderende_n;medstuderende_statusaar;relevans_overens_udd_job_likert;relevans_overens_udd_job_n;rel_over_udd_job_statusaar;ruster_til_job_likert;ruster_til_job_n;ruster_til_job_statusaar;socialtmiljo_likert;socialtmiljo_n;socialtmiljo_statusaar;socialtmotivation_likert;socialtmotivation_n;socialtmotivation_statusaar;studbesvarelser_antal;studbesvarelser_pct;tidsforbrug_frivilligtxt;tidsforbrug_selvstudiumtxt;tidsforbrug_studiejobtxt;tidsforbrug_undervisningtxt;tidsforbrug_n;tidsforbrug_statusaar;udbytte_undervisning_likert;udbytte_undervisning_n;udb_undervisning_statusaar;udlandet_dk25_pct;udlandet_dk_pct;udlandet_udlandet_pct;udlandet_n;udlandet_statusaar;undervisere_engagerede_likert;undervisere_engagerede_n;und_engagerede_statusaar;undervisere_faglighed_likert;undervisere_faglighed_n;und_faglighed_statusaar;undervisere_feedback_likert;undervisere_feedback_n;und_feedback_statusaar;undervisere_formidling_likert;undervisere_formidling_n;und_formidling_statusaar;undervisere_kontakt_likert;undervisere_kontakt_n;und_kontakt_statusaar;undervisningsform_p1;undervisningsform_p2;undervisningsform_p3;undervisningsform_p4;undervisningsform_p5;undervisningsform_n;undervisningsform_statusaar
Anvendt filosofi;bach_hum;udb2-humanvendtfilosofi;www.ug.dk/uddannelser/universitetsuddannelser/bacheloruddannelser/humanistiskebacheloruddannelser/oevrigehumaniora/anvendt-filosofi;65680;Anvendt filosofi,bach.;Anvendt filosofi;Universitetsuddannelser;Bacheloruddannelse;;Aalborg;851;851446;Aalborg Universitet;9100;Aalborg;Aalborg Kommune;851;Aalborg Universitet - Aalborg;851416;30;94,17;3,33;E2015/F2016;91,67;0;8,33;0;E2015/F2016;83,35;14,49;2,16;E2015/F2016;;;;;Ingen data;;Ingen data;;3;2 år og 10 måneder;78;2013-2015;18;2013-2015;211;;;;;;;;;;Ingen data;;;;;;Ingen data;;Ingen data;;;Ingen data;;;;;;;;;;Ingen data;;;Ingen data;;;3,97;36;2016/2017;3,78;36;2016/2017;;;;;;;;;;Ingen data;;;;;;;Ingen data;;;;;;;Ingen data;4,14;28;2016/2017;3,76;34;2016/2017;;;Ingen data;;;Ingen data;4,11;35;2016/2017;4,19;36;2016/2017;45;26;3;34;5;24;28;2016/2017;4,06;34;2016/2017;;;;;Ingen data;4,5;34;2016/2017;4,59;34;2016/2017;3,68;34;2016/2017;4,03;34;2016/2017;3,91;34;2016/2017;Forelæsninger;Selvstudie;Projektarbejde;Gruppearbejde;Klasseundervisning;33;2016/2017
Arkitektur og Design;bach_tek;udb2-civarkitekturogdesign;www.ug.dk/uddannelser/universitetsuddannelser/bacheloruddannelser/tekniskvidenskabeligebacheloruddannelser/civilingenioeruddannelser/arkitektur-og-design;79180,793;Arkitektur og design,ing.bach;Arkitektur og design;Universitetsuddannelser;Bacheloruddannelse;;Aalborg;851;851446;Aalborg Universitet;9100;Aalborg;Aalborg Kommune;851;Aalborg Universitet - Aalborg;851416;0;156;28,5;E2015/F2016;88,89;0;11,11;0;E2015/F2016;91,47;7,39;1,14;E2015/F2016;;;;;Ingen data;;Ingen data;;3;2 år og 9 måneder;774;2013-2015;25;2013-2015;706;;;;;;;;;;Ingen data;;;;;;Ingen data;;Ingen data;;;Ingen data;;;;;;;;;;Ingen data;;;Ingen data;;;4,06;85;2016/2017;3,88;85;2016/2017;;;;;;;;;;Ingen data;;;;;;;Ingen data;;;;;;;Ingen data;3,97;75;2016/2017;3,73;83;2016/2017;;;Ingen data;;;Ingen data;3,79;85;2016/2017;3,85;84;2016/2017;94;28;1;34;5;31;75;2016/2017;3,7;83;2016/2017;;;;;Ingen data;3,98;83;2016/2017;4,29;82;2016/2017;3,29;82;2016/2017;3,37;83;2016/2017;3,84;83;2016/2017;Gruppearbejde;Projektarbejde;Forelæsninger;Selvstudie;Faglig vejledning fra din underviser;70;2016/2017
Biologi;bach_nat;udb2-natvidbiologi;www.ug.dk/uddannelser/universitetsuddannelser/bacheloruddannelser/naturvidenskabeligebacheloruddannelser/biologigeografigeologimv/biologi;81390;Biologi,bach.;Biologi;Universitetsuddannelser;Bacheloruddannelse;;Aalborg,København K,Odense M,Aarhus C,København K;851,101,461,751,101;851446;Aalborg Universitet;9100;Aalborg;Aalborg Kommune;851;Aalborg Universitet - Aalborg;851416;69,33;95,33;28,17;E2015/F2016;91,67;0;8,33;0;E2015/F2016;92,29;6,69;1,02;E2015/F2016;;;;;Ingen data;;Ingen data;;3;2 år og 11 måneder;62;2013-2015;17;2013-2015;137;;;;;;;;;;Ingen data;;;;;;Ingen data;;Ingen data;;;Ingen data;;;;;;;;;;Ingen data;;;Ingen data;;;3,81;32;2016/2017;3,72;32;2016/2017;;;;;;;;;;Ingen data;;;;;;;Ingen data;;;;;;;Ingen data;4;27;2016/2017;3,43;30;2016/2017;;;Ingen data;;;Ingen data;3,81;32;2016/2017;4,03;32;2016/2017;38;32;1;39;3;33;28;2016/2017;3,55;31;2016/2017;;;;;Ingen data;4,03;32;2016/2017;4,44;32;2016/2017;3,67;30;2016/2017;3,56;32;2016/2017;3,81;31;2016/2017;Projektarbejde;Forelæsninger;Gruppearbejde;Selvstudie;Øvelsestimer;27;2016/2017
Bioteknologi;bach_tek;udb2-civbioteknologi;www.ug.dk/uddannelser/universitetsuddannelser/bacheloruddannelser/tekniskvidenskabeligebacheloruddannelser/civilingenioeruddannelser/bioteknologi;79330,82650,79210;Bioteknologi,ing.bach.;Bioteknologi;Universitetsuddannelser;Bacheloruddannelse;Biotechnology,medicinsk bioteknologi;Kgs. Lyngby,Aalborg,Kgs. Lyngby,Aarhus C;173,851,173,751;851446;Aalborg Universitet;9100;Aalborg;Aalborg Kommune;851;Aalborg Universitet - Aalborg;851416;82,33;82,33;28,17;E2015/F2016;91,67;0;8,33;0;E2015/F2016;93,05;5,93;1,02;E2015/F2016;;;;;Ingen data;;Ingen data;;3;2 år og 9 måneder;45;2013-2015;23;2013-2015;111;;;;;;;;;;Ingen data;;;;;;Ingen data;;Ingen data;;;Ingen data;;;;;;;;;;Ingen data;;;Ingen data;;;3,97;37;2016/2017;3,89;37;2016/2017;;;;;;;;;;Ingen data;;;;;;;Ingen data;;;;;;;Ingen data;4,1;31;2016/2017;3,62;37;2016/2017;;;Ingen data;;;Ingen data;3,86;37;2016/2017;4,05;37;2016/2017;45;36;4;33;4;33;32;2016/2017;3,83;36;2016/2017;;;;;Ingen data;4,11;36;2016/2017;4,24;37;2016/2017;3,69;36;2016/2017;3,72;36;2016/2017;3,73;37;2016/2017;Projektarbejde;Gruppearbejde;Forelæsninger;Selvstudie;Øvelsestimer;27;2016/2017
By-, energi- og miljøplanlægning;bach_tek;udb2-civplanogmiljoe;www.ug.dk/uddannelser/universitetsuddannelser/bacheloruddannelser/tekniskvidenskabeligebacheloruddannelser/civilingenioeruddannelser/energi-og-miljoeplanlaegning;79300,3124;Ingeniør una,bach.;By-, energi- og miljøplanlægning;Universitetsuddannelser;Bacheloruddannelse;;Aalborg,København SV;851,101;851446;Aalborg Universitet;9100;Aalborg;Aalborg Kommune;851;Aalborg Universitet - Aalborg;851416;156;0;30,33;E2015/F2016;91,67;0;8,33;0;E2015/F2016;93,51;6,49;0;E2015/F2016;;;;;Ingen data;;Ingen data;;3;2 år og 9 måneder;661;2013-2015;40;2013-2015;425;;;;;;;;;;Ingen data;;;;;;Ingen data;;Ingen data;;;Ingen data;;;;;;;;;;Ingen data;;;Ingen data;;;4,2;20;2016/2017;4,3;20;2016/2017;;;;;;;;;;Ingen data;;;;;;;Ingen data;;;;;;;Ingen data;4;20;2016/2017;3,6;20;2016/2017;;;Ingen data;;;Ingen data;3,75;20;2016/2017;3,8;20;2016/2017;21;48;2;33;7;25;20;2016/2017;3,45;20;2016/2017;;;;;Ingen data;4,05;20;2016/2017;4,35;20;2016/2017;3,2;20;2016/2017;3,55;20;2016/2017;3,9;20;2016/2017;Projektarbejde;Forelæsninger;Selvstudie;Gruppearbejde;Klasseundervisning;16;2016/2017
By-, energi- og miljøplanlægning;bach_tek;udb2-civplanogmiljoe;www.ug.dk/uddannelser/universitetsuddannelser/bacheloruddannelser/tekniskvidenskabeligebacheloruddannelser/civilingenioeruddannelser/energi-og-miljoeplanlaegning;79300,3124;Ingeniør una,bach.;By-, energi- og miljøplanlægning;Universitetsuddannelser;Bacheloruddannelse;;Aalborg,København SV;851,101;851446;Aalborg Universitet;2450;København SV;Københavns Kommune;101;Aalborg Universitet - København SV;151413;130;26;30,33;E2015/F2016;91,67;0;8,33;0;E2015/F2016;90,62;9,38;0;E2015/F2016;;;;;Ingen data;;Ingen data;;3;2 år og 9 måneder;661;2013-2015;40;2013-2015;425;;;;;;;;;;Ingen data;;;;;;Ingen data;;Ingen data;;;Ingen data;;;;;;;;;;Ingen data;;;Ingen data;;;3,91;32;2016/2017;4,09;32;2016/2017;;;;;;;;;;Ingen data;;;;;;;Ingen data;;;;;;;Ingen data;3,47;30;2016/2017;3,78;32;2016/2017;;;Ingen data;;;Ingen data;3,5;32;2016/2017;3,59;32;2016/2017;37;39;3;18;7;34;32;2016/2017;3,5;32;2016/2017;;;;;Ingen data;3,88;33;2016/2017;3,67;33;2016/2017;3,12;33;2016/2017;3,09;33;2016/2017;3,88;33;2016/2017;Projektarbejde;Gruppearbejde;Selvstudie;Klasseundervisning;Forelæsninger;31;2016/2017
Byggeri og anlæg;bach_tek;udb2-civbygning;www.ug.dk/uddannelser/universitetsuddannelser/bacheloruddannelser/tekniskvidenskabeligebacheloruddannelser/civilingenioeruddannelser/byggeri-og-anlaeg;79350,79440,79480,79510,79530;"Bygge og anlæg,ing.bach; Byggeri og anlæg, indeklima og ernergi, ingeniør, bach.";Byggeri og anlæg;Universitetsuddannelser;Bacheloruddannelse;Bygge- og anlægskonstruktion,Indeklima og energi,Teknisk videnskab (civilingeniør) i bygge- og anlægskonstruktion,Vand og miljø,Veje og trafik;Aalborg,Esbjerg;851,561;851446;Aalborg Universitet;9100;Aalborg;Aalborg Kommune;851;Aalborg Universitet - Aalborg;851416;78;75,83;30,33;E2015/F2016;90,97;0;9,03;0;E2015/F2016;91,21;7,72;1,06;E2015/F2016;;;;;Ingen data;;Ingen data;;3;2 år og 6 måneder;161;2013-2015;12;2013-2015;244;;;;;;;;;;Ingen data;;;;;;Ingen data;;Ingen data;;;Ingen data;;;;;;;;;;Ingen data;;;Ingen data;;;4,18;39;2016/2017;4,13;39;2016/2017;;;;;;;;;;Ingen data;;;;;;;Ingen data;;;;;;;Ingen data;4,35;37;2016/2017;3,97;38;2016/2017;;;Ingen data;;;Ingen data;4,08;40;2016/2017;4,1;40;2016/2017;46;30;1;21;5;31;37;2016/2017;3,97;39;2016/2017;;;;;Ingen data;4,25;40;2016/2017;4,44;39;2016/2017;3,64;39;2016/2017;3,74;39;2016/2017;4,05;37;2016/2017;Projektarbejde;Gruppearbejde;Forelæsninger;Selvstudie;Faglig vejledning fra din underviser;27;2016/2017
Byggeri og anlæg;bach_tek;udb2-civbygning;www.ug.dk/uddannelser/universitetsuddannelser/bacheloruddannelser/tekniskvidenskabeligebacheloruddannelser/civilingenioeruddannelser/byggeri-og-anlaeg;79350,79440,79480,79510,79530;"Bygge og anlæg,ing.bach; Byggeri og anlæg, indeklima og ernergi, ingeniør, bach.";Byggeri og anlæg;Universitetsuddannelser;Bacheloruddannelse;Bygge- og anlægskonstruktion,Indeklima og energi,Teknisk videnskab (civilingeniør) i bygge- og anlægskonstruktion,Vand og miljø,Veje og trafik;Aalborg,Esbjerg;851,561;851446;Aalborg Universitet;6700;Esbjerg;Esbjerg Kommune;561;Aalborg Universitet - Esbjerg;561408;95,33;60,67;30,33;E2015/F2016;91,67;0;8,33;0;E2015/F2016;80,98;19,02;0;E2015/F2016;;;;;Ingen data;;Ingen data;;3;2 år og 6 måneder;161;2013-2015;12;2013-2015;244;;;;;;;;;;Ingen data;;;;;;Ingen data;;Ingen data;;;Ingen data;;;;;;;;;;Ingen data;;;Ingen data;;;;;Ingen data;;;Ingen data;;;;;;;;;;Ingen data;;;;;;;Ingen data;;;;;;;Ingen data;;;Ingen data;;;Ingen data;;;Ingen data;;;Ingen data;;;Ingen data;;;Ingen data;;;;;;;;Ingen data;;;Ingen data;;;;;Ingen data;;;Ingen data;;;Ingen data;;;Ingen data;;;Ingen data;;;Ingen data;;;;;;;Ingen data
Bæredygtigt Design;bach_tek;udb2-civbaeredygtigtdesign;www.ug.dk/uddannelser/universitetsuddannelser/bacheloruddannelser/tekniskvidenskabeligebacheloruddannelser/civilingenioeruddannelser/baeredygtigt-design;79010;Bæredygtigt design,ing.bach.;Bæredygtigt design;Universitetsuddannelser;Bacheloruddannelse;;København SV;101;851446;Aalborg Universitet;2450;København SV;Københavns Kommune;101;Aalborg Universitet - København SV;151413;138,67;17,33;28,5;E2015/F2016;91,67;0;8,33;0;E2015/F2016;72,21;27,79;0;E2015/F2016;;;;;Ingen data;;Ingen data;;;;;Ingen data;22;2013-2015;83;;;;;;;;;;Ingen data;;;;;;Ingen data;;Ingen data;;;Ingen data;;;;;;;;;;Ingen data;;;Ingen data;;;4,29;28;2016/2017;4,14;28;2016/2017;;;;;;;;;;Ingen data;;;;;;;Ingen data;;;;;;;Ingen data;3,86;28;2016/2017;3,71;28;2016/2017;;;Ingen data;;;Ingen data;3,64;28;2016/2017;4;28;2016/2017;33;31;1;24;7;37;28;2016/2017;3,63;27;2016/2017;;;;;Ingen data;4,11;27;2016/2017;3,89;28;2016/2017;3,46;28;2016/2017;3,57;28;2016/2017;3,71;28;2016/2017;Projektarbejde;Gruppearbejde;Klasseundervisning;Selvstudie;Forelæsninger;27;2016/2017
Dansk;bach_hum;udb2-humdansknordisk;www.ug.dk/uddannelser/universitetsuddannelser/bacheloruddannelser/humanistiskebacheloruddannelser/oevrigehumaniora/dansk;65900,6592;Dansk,bach. + Nordisk sprog og litteratur,bach;Dansk;Universitetsuddannelser;Bacheloruddannelse;Nordisk sprog og litteratur,Nordisk sprog og litteratur;Aalborg,København K,Roskilde,Odense M,Aarhus C,København K;851,101,265,461,751,101;851446;Aalborg Universitet;9100;Aalborg;Aalborg Kommune;851;Aalborg Universitet - Aalborg;851416;24;56;8;E2015/F2016;100;0;0;0;E2015/F2016;97,73;2,27;0;E2015/F2016;;;;;Ingen data;;Ingen data;;3;2 år og 11 måneder;64;2013-2015;30;2013-2015;160;;;;;;;;;;Ingen data;;;;;;Ingen data;;Ingen data;;;Ingen data;;;;;;;;;;Ingen data;;;Ingen data;;;3,73;33;2016/2017;3,67;33;2016/2017;;;;;;;;;;Ingen data;;;;;;;Ingen data;;;;;;;Ingen data;4,2;25;2016/2017;3,5;32;2016/2017;;;Ingen data;;;Ingen data;4,12;33;2016/2017;4,06;34;2016/2017;41;32;2;25;6;22;25;2016/2017;3,91;33;2016/2017;;;;;Ingen data;4,42;33;2016/2017;4,67;33;2016/2017;3,64;33;2016/2017;4,03;33;2016/2017;4,03;33;2016/2017;Selvstudie;Forelæsninger;Projektarbejde;Klasseundervisning;Gruppearbejde;29;2016/2017
Datalogi;bach_nat;udb2-natviddatalogi;www.ug.dk/uddannelser/universitetsuddannelser/bacheloruddannelser/naturvidenskabeligebacheloruddannelser/matematikfysikkemiogdatalogi/datalogi;81350,3342;Datalogi,bach.;Datalogi;Universitetsuddannelser;Bacheloruddannelse;Computer Science,Datalogi (it);Aalborg,København K,Roskilde,Odense M,Aarhus C,København K;851,101,265,461,751,101;851446;Aalborg Universitet;9100;Aalborg;Aalborg Kommune;851;Aalborg Universitet - Aalborg;851416;0;156;30,33;E2015/F2016;91,67;0;8,33;0;E2015/F2016;90,36;5,96;3,68;E2015/F2016;;;;;Ingen data;;Ingen data;;3;3 år og 0 måneder;93;2013-2015;27;2013-2015;175;;;;;;;;;;Ingen data;;;;;;Ingen data;;Ingen data;;;Ingen data;;;;;;;;;;Ingen data;;;Ingen data;;;4,19;37;2016/2017;3,75;36;2016/2017;;;;;;;;;;Ingen data;;;;;;;Ingen data;;;;;;;Ingen data;4,38;32;2016/2017;3,33;36;2016/2017;;;Ingen data;;;Ingen data;3,78;36;2016/2017;4,08;37;2016/2017;47;29;1;27;2;36;32;2016/2017;3,97;36;2016/2017;;;;;Ingen data;4,19;37;2016/2017;4,32;37;2016/2017;3,57;35;2016/2017;3,7;37;2016/2017;3,82;33;2016/2017;Projektarbejde;Gruppearbejde;Forelæsninger;Selvstudie;Faglig vejledning fra din underviser;36;2016/2017
Byggeri og anlæg, diplomingeniør;PB;udb2-dipbygning;www.ug.dk/uddannelser/professionsbacheloruddannelser/tekniskeogteknologiskeudd/diplomingenioer-bygning;53350,52520,52530,52540,52550,53320;Bygning,ing.prof.bach.;Diplomingeniør - bygning;Professionsbacheloruddannelser;Professionsbacheloruddannelse;Byggeri og anlæg,Byggeri og infrastruktur,Bygningsteknik;Horsens,Kgs. Lyngby,Aarhus C,Odense M,Aarhus C,Odense M,Esbjerg,Aalborg,Kgs. Lyngby;615,173,751,461,751,461,561,851,173;851446;Aalborg Universitet;9100;Aalborg;Aalborg Kommune;851;Aalborg Universitet - Aalborg;851416;60,67;95,33;30,33;E2015/F2016;78,57;14,29;7,14;0;E2015/F2016;;;;E2015/F2016;29.600;32.200;35.900;46;2013-2015;5;2013-2016;40;3;2 år og 7 måneder;68;2013-2015;21;2013-2015;141;Videnservice;Industri;Offentlig administration forsvar og politi;Øvrige brancher;36;19;10;35;74;2012-2014;922;37.400;44.300;49.300;64;2013-2015;0;2013-2016;61;3;2011-2013;95;;;;;;;;;Ingen data;;;Ingen data;;;;;Ingen data;;;Ingen data;;;;;;;;;;Ingen data;;;;;;;Ingen data;;;;;;;Ingen data;;;Ingen data;;;Ingen data;;;Ingen data;;;Ingen data;;;Ingen data;;;Ingen data;;;;;;;;Ingen data;;;Ingen data;;;;;Ingen data;;;Ingen data;;;Ingen data;;;Ingen data;;;Ingen data;;;Ingen data;;;;;;;Ingen data
Byggeri og anlæg, diplomingeniør, Esbjerg;PB;udb2-dipbygning;www.ug.dk/uddannelser/professionsbacheloruddannelser/tekniskeogteknologiskeudd/diplomingenioer-bygning;53350,52520,52530,52540,52550,53320;Bygning,ing.prof.bach.;Diplomingeniør - bygning;Professionsbacheloruddannelser;Professionsbacheloruddannelse;Byggeri og anlæg,Byggeri og infrastruktur,Bygningsteknik;Horsens,Kgs. Lyngby,Aarhus C,Odense M,Aarhus C,Odense M,Esbjerg,Aalborg,Kgs. Lyngby;615,173,751,461,751,461,561,851,173;851446;Aalborg Universitet;6700;Esbjerg;Esbjerg Kommune;561;Aalborg Universitet - Esbjerg;561408;112,67;43,33;30,33;E2015/F2016;78,57;14,29;7,14;0;E2015/F2016;;;;E2015/F2016;29.600;32.200;35.900;46;2013-2015;5;2013-2016;40;3;2 år og 7 måneder;68;2013-2015;21;2013-2015;141;Videnservice;Industri;Offentlig administration forsvar og politi;Øvrige brancher;36;19;10;35;74;2012-2014;922;37.400;44.300;49.300;64;2013-2015;0;2013-2016;61;3;2011-2013;95;0;0;0;20;53;0;27;15;2016/2017;40;15;2016/2017;17;40;;;Ingen data;;;Ingen data;67;20;7;7;Jeg fortsatte i job på den arbejdsplads, hvor jeg skrev opgave/projekt/speciale eller var i praktik;Jeg søgte og blev ansat efter et stillingsopslag;Jeg blev headhuntet;Jeg fik job gennem mit netværk;15;2016/2017;De kompetencer jeg fik fra uddannelsen;Praktik;Jeg har den uddannelse som er en forudsætning for jobbet;Netværk;Projekt i samarbejde med offentlig eller privat virksomhed;11;2016/2017;Evnen til at samarbejde;Min evne til at arbejde struktureret og overholde deadlines;Omsætte teori til praktisk;Tekniske kompetencer;Tilegnelse af ny viden;11;2016/2017;;;Ingen data;;;Ingen data;3,73;15;2016/2017;3,93;15;2016/2017;;;Ingen data;;;Ingen data;;;;;;;;Ingen data;;;Ingen data;13;87;0;15;2016/2017;;;Ingen data;;;Ingen data;;;Ingen data;;;Ingen data;;;Ingen data;;;;;;;Ingen data
Bæredygtig energiteknik;PB;udb2-dipbaeredygtigenergi;www.ug.dk/uddannelser/professionsbacheloruddannelser/tekniskeogteknologiskeudd/diplomingenioer-baeredygtig-energiteknik;53470;Bæredygtig energiteknik,ing.prof.bach.;Diplomingeniør - bæredygtig energiteknik;Professionsbacheloruddannelser;Professionsbacheloruddannelse;;Aalborg;851;851446;Aalborg Universitet;9100;Aalborg;Aalborg Kommune;851;Aalborg Universitet - Aalborg;851416;43,33;112,67;30,33;E2015/F2016;78,57;14,29;7,14;0;E2015/F2016;;;;E2015/F2016;;;;;Ingen data;;Ingen data;;2;1 år og 11 måneder;15;2013-2015;20;2013-2015;55;;;;;;;;;;Ingen data;;;;;;Ingen data;;Ingen data;;;Ingen data;;;;;;;;;;Ingen data;;;Ingen data;;;3,89;18;2016/2017;3,61;18;2016/2017;;;;;;;;;;Ingen data;;;;;;;Ingen data;;;;;;;Ingen data;3,83;18;2016/2017;3,72;18;2016/2017;;;Ingen data;;;Ingen data;3,72;18;2016/2017;3,83;18;2016/2017;21;37;1;26;2;32;18;2016/2017;3,76;17;2016/2017;;;;;Ingen data;4,06;18;2016/2017;4,5;18;2016/2017;3,39;18;2016/2017;3,22;18;2016/2017;3,72;18;2016/2017;Projektarbejde;Forelæsninger;Gruppearbejde;Selvstudie;Faglig vejledning fra din underviser;18;2016/2017
Eksportteknologi, diplomingeniør;PB;udb2-dipeksportteknologi;www.ug.dk/uddannelser/professionsbacheloruddannelser/tekniskeogteknologiskeudd/diplomingenioer-eksportteknologi;53360,5256;Produktion,ing.prof.bach.;Diplomingeniør - eksportteknologi;Professionsbacheloruddannelser;Professionsbacheloruddannelse;;Aalborg;851;851446;Aalborg Universitet;9100;Aalborg;Aalborg Kommune;851;Aalborg Universitet - Aalborg;851416;8,67;147,33;30,33;E2015/F2016;78,57;14,29;7,14;0;E2015/F2016;;;;E2015/F2016;27.700;32.700;38.600;16;2013-2015;4;2013-2016;13;2;1 år og 8 måneder;17;2013-2015;36;2013-2015;92;Industri;Videnservice;Handel;Øvrige brancher;56;24;7;13;93;2012-2014;284;36.900;42.900;49.500;38;2013-2015;0;2013-2016;22;4;2011-2013;28;;;;;;;;;Ingen data;;;Ingen data;;;4,04;27;2016/2017;3,96;27;2016/2017;;;;;;;;;;Ingen data;;;;;;;Ingen data;;;;;;;Ingen data;4,19;26;2016/2017;3,63;27;2016/2017;;;Ingen data;;;Ingen data;4,22;27;2016/2017;4,26;27;2016/2017;33;36;1;28;7;23;26;2016/2017;3,74;27;2016/2017;;;;;Ingen data;4;27;2016/2017;4,37;27;2016/2017;3,52;27;2016/2017;3,59;27;2016/2017;3,88;26;2016/2017;Gruppearbejde;Forelæsninger;Projektarbejde;Selvstudie;Faglig vejledning fra din underviser;27;2016/2017
Elektronik, Diplomingeniør;PB;udb2-dipdatateknikogit;www.ug.dk/uddannelser/professionsbacheloruddannelser/tekniskeogteknologiskeudd/diplomingenioer-elektronik;53380,53370,53440,52570;;Diplomingeniør - elektronik;Professionsbacheloruddannelser;Professionsbacheloruddannelse;;Aalborg,Esbjerg,Aarhus C,Herning,Aarhus C;851,561,751,657,751;851446;Aalborg Universitet;9100;Aalborg;Aalborg Kommune;851;Aalborg Universitet - Aalborg;851416;26;112,67;29,5;E2015/F2016;73,81;14,29;11,9;0;E2015/F2016;;;;E2015/F2016;30.900;32.500;35.700;16;2013-2015;20;2013-2016;17;2;2 år og 2 måneder;22;2013-2015;24;2013-2015;59;Industri;Videnservice;Information og kommunikation;Øvrige brancher;29;24;13;33;87;2012-2014;282;34.400;39.400;46.500;31;2013-2015;0;2013-2016;22;6;2011-2013;17;;;;;;;;;Ingen data;;;Ingen data;;;4,07;15;2016/2017;4;15;2016/2017;;;;;;;;;;Ingen data;;;;;;;Ingen data;;;;;;;Ingen data;4;14;2016/2017;3,93;14;2016/2017;;;Ingen data;;;Ingen data;3,67;15;2016/2017;3,93;15;2016/2017;16;41;1;23;6;29;14;2016/2017;3,85;13;2016/2017;;;;;Ingen data;3,86;14;2016/2017;4,5;14;2016/2017;3,77;13;2016/2017;3,5;14;2016/2017;4,29;14;2016/2017;Projektarbejde;Gruppearbejde;Forelæsninger;Selvstudie;Øvelsestimer;15;2016/2017
Elektronik, Diplomingeniør;PB;udb2-dipdatateknikogit;www.ug.dk/uddannelser/professionsbacheloruddannelser/tekniskeogteknologiskeudd/diplomingenioer-elektronik;53380,53370,53440,52570;;Diplomingeniør - elektronik;Professionsbacheloruddannelser;Professionsbacheloruddannelse;;Aalborg,Esbjerg,Aarhus C,Herning,Aarhus C;851,561,751,657,751;851446;Aalborg Universitet;6700;Esbjerg;Esbjerg Kommune;561;Aalborg Universitet - Esbjerg;561408;34,67;104;30,33;E2015/F2016;73,81;14,29;11,9;0;E2015/F2016;;;;E2015/F2016;30.900;32.500;35.700;16;2013-2015;20;2013-2016;17;2;2 år og 2 måneder;22;2013-2015;24;2013-2015;59;Industri;Videnservice;Information og kommunikation;Øvrige brancher;29;24;13;33;87;2012-2014;282;34.400;39.400;46.500;31;2013-2015;0;2013-2016;22;6;2011-2013;17;;;;;;;;;Ingen data;;;Ingen data;;;;;Ingen data;;;Ingen data;;;;;;;;;;Ingen data;;;;;;;Ingen data;;;;;;;Ingen data;;;Ingen data;;;Ingen data;;;Ingen data;;;Ingen data;;;Ingen data;;;Ingen data;;;;;;;;Ingen data;;;Ingen data;;;;;Ingen data;;;Ingen data;;;Ingen data;;;Ingen data;;;Ingen data;;;Ingen data;;;;;;;Ingen data
Kemi og bioteknologi, diplomingeniør;PB;udb2-dipkemi;www.ug.dk/uddannelser/professionsbacheloruddannelser/tekniskeogteknologiskeudd/diplomingenioer-kemi;53390,52790,52750,52700;Kemi,ing.prof.bach.;Diplomingeniør - kemi;Professionsbacheloruddannelser;Professionsbacheloruddannelse;Kemi- og bioteknologi;Kgs. Lyngby,Aalborg,Esbjerg,Aarhus C,Odense M,Aarhus C,Odense M,Kgs. Lyngby;173,851,561,751,461,751,461,173;851446;Aalborg Universitet;9100;Aalborg;Aalborg Kommune;851;Aalborg Universitet - Aalborg;851416;121,33;52;26,33;E2015/F2016;78,57;14,29;7,14;0;E2015/F2016;;;;E2015/F2016;27.700;30.500;35.500;24;2013-2015;3;2013-2016;16;2;2 år og 4 måneder;23;2013-2015;25;2013-2015;80;Industri;Videnservice;Offentlig administration forsvar og politi;Øvrige brancher;31;31;17;22;73;2012-2014;272;33.800;40.700;45.900;34;2013-2015;0;2013-2016;20;0;2011-2013;20;;;;;;;;;Ingen data;;;Ingen data;;;;;Ingen data;;;Ingen data;;;;;;;;;;Ingen data;;;;;;;Ingen data;;;;;;;Ingen data;;;Ingen data;;;Ingen data;;;Ingen data;;;Ingen data;;;Ingen data;;;Ingen data;;;;;;;;Ingen data;;;Ingen data;;;;;Ingen data;;;Ingen data;;;Ingen data;;;Ingen data;;;Ingen data;;;Ingen data;;;;;;;Ingen data
Kemi og bioteknologi, diplomingeniør;PB;udb2-dipkemi;www.ug.dk/uddannelser/professionsbacheloruddannelser/tekniskeogteknologiskeudd/diplomingenioer-kemi;53390,52790,52750,52700;Kemi,ing.prof.bach.;Diplomingeniør - kemi;Professionsbacheloruddannelser;Professionsbacheloruddannelse;Kemi- og bioteknologi;Kgs. Lyngby,Aalborg,Esbjerg,Aarhus C,Odense M,Aarhus C,Odense M,Kgs. Lyngby;173,851,561,751,461,751,461,173;851446;Aalborg Universitet;6700;Esbjerg;Esbjerg Kommune;561;Aalborg Universitet - Esbjerg;561408;95,33;60,67;30,33;E2015/F2016;78,57;14,29;7,14;0;E2015/F2016;;;;E2015/F2016;27.700;30.500;35.500;24;2013-2015;3;2013-2016;16;2;2 år og 4 måneder;23;2013-2015;25;2013-2015;80;Industri;Videnservice;Offentlig administration forsvar og politi;Øvrige brancher;31;31;17;22;73;2012-2014;272;33.800;40.700;45.900;34;2013-2015;0;2013-2016;20;0;2011-2013;20;;;;;;;;;Ingen data;;;Ingen data;;;;;Ingen data;;;Ingen data;;;;;;;;;;Ingen data;;;;;;;Ingen data;;;;;;;Ingen data;;;Ingen data;;;Ingen data;;;Ingen data;;;Ingen data;;;Ingen data;;;Ingen data;;;;;;;;Ingen data;;;Ingen data;;;;;Ingen data;;;Ingen data;;;Ingen data;;;Ingen data;;;Ingen data;;;Ingen data;;;;;;;Ingen data
Maskinteknik, diplomingeniør;PB;udb2-dipmaskin;www.ug.dk/uddannelser/professionsbacheloruddannelser/tekniskeogteknologiskeudd/diplomingenioer-maskinteknik;53330,52770,52760,53320;Maskin,ing.prof.bach.;Diplomingeniør - maskinteknik;Professionsbacheloruddannelser;Professionsbacheloruddannelse;Maskinteknologi;Horsens,Kgs. Lyngby,Aalborg,Esbjerg,Aarhus C,Odense M,Kgs. Lyngby,Odense M,Aarhus C;615,173,851,561,751,461,173,461,751;851446;Aalborg Universitet;9100;Aalborg;Aalborg Kommune;851;Aalborg Universitet - Aalborg;851416;17,33;138,67;30,33;E2015/F2016;78,57;14,29;7,14;0;E2015/F2016;;;;E2015/F2016;;;;;Ingen data;;Ingen data;;;;;Ingen data;9;2013-2015;79;Industri;Videnservice;Handel;Øvrige brancher;39;22;13;26;90;2012-2014;207;;;;;Ingen data;;Ingen data;;8;2011-2013;48;;;;;;;;;Ingen data;;;Ingen data;;;;;Ingen data;;;Ingen data;;;;;;;;;;Ingen data;;;;;;;Ingen data;;;;;;;Ingen data;;;Ingen data;;;Ingen data;;;Ingen data;;;Ingen data;;;Ingen data;;;Ingen data;;;;;;;;Ingen data;;;Ingen data;;;;;Ingen data;;;Ingen data;;;Ingen data;;;Ingen data;;;Ingen data;;;Ingen data;;;;;;;Ingen data
Maskinteknik, diplomingeniør;PB;udb2-dipmaskin;www.ug.dk/uddannelser/professionsbacheloruddannelser/tekniskeogteknologiskeudd/diplomingenioer-maskinteknik;53330,52770,52760,53320;Maskin,ing.prof.bach.;Diplomingeniør - maskinteknik;Professionsbacheloruddannelser;Professionsbacheloruddannelse;Maskinteknologi;Horsens,Kgs. Lyngby,Aalborg,Esbjerg,Aarhus C,Odense M,Kgs. Lyngby,Odense M,Aarhus C;615,173,851,561,751,461,173,461,751;851446;Aalborg Universitet;6700;Esbjerg;Esbjerg Kommune;561;Aalborg Universitet - Esbjerg;561408;130;26;30,33;E2015/F2016;78,57;14,29;7,14;0;E2015/F2016;;;;E2015/F2016;;;;;Ingen data;;Ingen data;;;;;Ingen data;9;2013-2015;79;Industri;Videnservice;Handel;Øvrige brancher;39;22;13;26;90;2012-2014;207;;;;;Ingen data;;Ingen data;;8;2011-2013;48;;;;;;;;;Ingen data;;;Ingen data;;;;;Ingen data;;;Ingen data;;;;;;;;;;Ingen data;;;;;;;Ingen data;;;;;;;Ingen data;;;Ingen data;;;Ingen data;;;Ingen data;;;Ingen data;;;Ingen data;;;Ingen data;;;;;;;;Ingen data;;;Ingen data;;;;;Ingen data;;;Ingen data;;;Ingen data;;;Ingen data;;;Ingen data;;;Ingen data;;;;;;;Ingen data
Electronics and Computer Engineering;bach_tek;udb2-civelektronikogdatateknik;www.ug.dk/uddannelser/universitetsuddannelser/bacheloruddannelser/tekniskvidenskabeligebacheloruddannelser/civilingenioeruddannelser/elektronik-og-datateknik;79370,7907;Elektronik og IT,ing.bach.;Elektronik og datateknik;Universitetsuddannelser;Bacheloruddannelse;Electronic and Computer Engineering;Esbjerg;561;851446;Aalborg Universitet;6700;Esbjerg;Esbjerg Kommune;561;Aalborg Universitet - Esbjerg;561408;95,33;60,67;30,33;E2015/F2016;91,67;0;8,33;0;E2015/F2016;91,76;8,24;0;E2015/F2016;;;;;Ingen data;;Ingen data;;;;;Ingen data;14;2013-2015;44;;;;;;;;;;Ingen data;;;;;;Ingen data;;Ingen data;;;Ingen data;;;;;;;;;;Ingen data;;;Ingen data;;;3,76;17;2016/2017;3,13;16;2016/2017;;;;;;;;;;Ingen data;;;;;;;Ingen data;;;;;;;Ingen data;3,88;17;2016/2017;3,24;17;2016/2017;;;Ingen data;;;Ingen data;3,76;17;2016/2017;4,18;17;2016/2017;20;49;0;28;4;29;17;2016/2017;4,06;17;2016/2017;;;;;Ingen data;4,06;17;2016/2017;4,29;17;2016/2017;3,88;17;2016/2017;3,59;17;2016/2017;4,06;17;2016/2017;Projektarbejde;Gruppearbejde;Selvstudie;Forelæsninger;Klasseundervisning;16;2016/2017
Elektronik og it;bach_tek;udb2-civelektronikoginfoteknologi;www.ug.dk/uddannelser/universitetsuddannelser/bacheloruddannelser/tekniskvidenskabeligebacheloruddannelser/civilingenioeruddannelser/elektronik-og-it;79370,79080,81670;Elektronik og IT,ing.bach.;Elektronik og it;Universitetsuddannelser;Bacheloruddannelse;;Aalborg;851;851446;Aalborg Universitet;9100;Aalborg;Aalborg Kommune;851;Aalborg Universitet - Aalborg;851416;26;121,33;29,5;E2015/F2016;88,89;0;11,11;0;E2015/F2016;90,47;7,15;2,38;E2015/F2016;;;;;Ingen data;;Ingen data;;3;2 år og 7 måneder;32;2013-2015;14;2013-2015;140;;;;;;;;;;Ingen data;;;;;;Ingen data;;Ingen data;;;Ingen data;;;;;;;;;;Ingen data;;;Ingen data;;;4,03;36;2016/2017;3,92;36;2016/2017;;;;;;;;;;Ingen data;;;;;;;Ingen data;;;;;;;Ingen data;4,53;36;2016/2017;3,95;37;2016/2017;;;Ingen data;;;Ingen data;4,11;37;2016/2017;4,46;37;2016/2017;41;38;1;24;3;31;36;2016/2017;4,33;36;2016/2017;;;;;Ingen data;4,51;37;2016/2017;4,57;37;2016/2017;3,94;36;2016/2017;3,81;37;2016/2017;4,32;37;2016/2017;Projektarbejde;Gruppearbejde;Forelæsninger;Selvstudie;Øvelsestimer;37;2016/2017
Energi;bach_tek;udb2-civenergi;www.ug.dk/uddannelser/universitetsuddannelser/bacheloruddannelser/tekniskvidenskabeligebacheloruddannelser/civilingenioeruddannelser/energi;79270,793;Energi,ing.bach.;Energi;Universitetsuddannelser;Bacheloruddannelse;;Aalborg,Esbjerg;851,561;851446;Aalborg Universitet;9100;Aalborg;Aalborg Kommune;851;Aalborg Universitet - Aalborg;851416;26;130;30,33;E2015/F2016;91,67;0;8,33;0;E2015/F2016;94,83;4,12;1,05;E2015/F2016;;;;;Ingen data;;Ingen data;;3;2 år og 9 måneder;677;2013-2015;32;2013-2015;516;;;;;;;;;;Ingen data;;;;;;Ingen data;;Ingen data;;;Ingen data;;;;;;;;;;Ingen data;;;Ingen data;;;4,31;32;2016/2017;4,09;32;2016/2017;;;;;;;;;;Ingen data;;;;;;;Ingen data;;;;;;;Ingen data;4,31;29;2016/2017;3,93;30;2016/2017;;;Ingen data;;;Ingen data;4,13;32;2016/2017;4,22;32;2016/2017;42;31;0;24;5;41;29;2016/2017;4;30;2016/2017;;;;;Ingen data;4,27;30;2016/2017;4,6;30;2016/2017;3,71;28;2016/2017;3,8;30;2016/2017;4,14;29;2016/2017;Projektarbejde;Forelæsninger;Gruppearbejde;Selvstudie;Faglig vejledning fra din underviser;26;2016/2017
Energi;bach_tek;udb2-civenergi;www.ug.dk/uddannelser/universitetsuddannelser/bacheloruddannelser/tekniskvidenskabeligebacheloruddannelser/civilingenioeruddannelser/energi;79270,793;Energi,ing.bach.;Energi;Universitetsuddannelser;Bacheloruddannelse;;Aalborg,Esbjerg;851,561;851446;Aalborg Universitet;6700;Esbjerg;Esbjerg Kommune;561;Aalborg Universitet - Esbjerg;561408;69,33;86,67;30,33;E2015/F2016;91,67;0;8,33;0;E2015/F2016;93,6;5,35;1,05;E2015/F2016;;;;;Ingen data;;Ingen data;;3;2 år og 9 måneder;677;2013-2015;32;2013-2015;516;;;;;;;;;;Ingen data;;;;;;Ingen data;;Ingen data;;;Ingen data;;;;;;;;;;Ingen data;;;Ingen data;;;3,9;21;2016/2017;3,76;21;2016/2017;;;;;;;;;;Ingen data;;;;;;;Ingen data;;;;;;;Ingen data;4,25;20;2016/2017;4;20;2016/2017;;;Ingen data;;;Ingen data;3,95;21;2016/2017;4,1;21;2016/2017;24;39;1;25;9;33;20;2016/2017;4;20;2016/2017;;;;;Ingen data;4,3;20;2016/2017;4,25;20;2016/2017;3,85;20;2016/2017;3,75;20;2016/2017;4,15;20;2016/2017;Projektarbejde;Gruppearbejde;Forelæsninger;Klasseundervisning;Selvstudie;19;2016/2017
Engelsk;bach_hum;udb2-humengelsk;www.ug.dk/uddannelser/universitetsuddannelser/bacheloruddannelser/humanistiskebacheloruddannelser/sprog/engelsk;65120;Engelsk,bach.;Engelsk;Universitetsuddannelser;Bacheloruddannelse;;Aalborg,København K,Odense M,Aarhus C,København K;851,101,461,751,101;851446;Aalborg Universitet;9100;Aalborg;Aalborg Kommune;851;Aalborg Universitet - Aalborg;851416;16,33;70,67;10;E2015/F2016;91,67;0;8,33;0;E2015/F2016;92,85;6,18;0,98;E2015/F2016;;;;;Ingen data;;Ingen data;;3;2 år og 11 måneder;196;2013-2015;29;2013-2015;277;;;;;;;;;;Ingen data;;;;;;Ingen data;;Ingen data;;;Ingen data;;;;;;;;;;Ingen data;;;Ingen data;;;3,88;49;2016/2017;3,48;48;2016/2017;;;;;;;;;;Ingen data;;;;;;;Ingen data;;;;;;;Ingen data;3,93;44;2016/2017;3,46;48;2016/2017;;;Ingen data;;;Ingen data;3,8;50;2016/2017;4,08;50;2016/2017;56;25;5;35;6;27;44;2016/2017;3,85;48;2016/2017;;;;;Ingen data;4,55;49;2016/2017;4,59;49;2016/2017;3,63;48;2016/2017;4,06;49;2016/2017;3,81;47;2016/2017;Selvstudie;Forelæsninger;Projektarbejde;Gruppearbejde;Klasseundervisning;44;2016/2017
Engelsk;bach_hum;udb2-humengelsksis;www.ug.dk/uddannelser/universitetsuddannelser/bacheloruddannelser/humanistiskebacheloruddannelser/oevrigehumaniora/engelsk-sprog-og-internationale-studier-sis;65120,60180,66180;Engelsk,bach.;Engelsk sprog og internationale studier (SIS);Universitetsuddannelser;Bacheloruddannelse;;Aalborg;851;851446;Aalborg Universitet;9100;Aalborg;Aalborg Kommune;851;Aalborg Universitet - Aalborg;851416;8,91;77,45;16,82;E2015/F2016;83,33;0;8,33;8,33;E2015/F2016;95,4;3,74;0,86;E2015/F2016;;;;;Ingen data;;Ingen data;;3;2 år og 11 måneder;262;2013-2015;19;2013-2015;503;;;;;;;;;;Ingen data;;;;;;Ingen data;;Ingen data;;;Ingen data;;;;;;;;;;Ingen data;;;Ingen data;;;3,94;112;2016/2017;3,61;110;2016/2017;;;;;;;;;;Ingen data;;;;;;;Ingen data;;;;;;;Ingen data;3,81;99;2016/2017;3,45;110;2016/2017;;;Ingen data;;;Ingen data;3,83;113;2016/2017;4,04;113;2016/2017;131;29;4;32;7;23;98;2016/2017;3,95;111;2016/2017;;;;;Ingen data;4,38;112;2016/2017;4,33;112;2016/2017;3,62;110;2016/2017;3,78;112;2016/2017;4;107;2016/2017;Selvstudie;Forelæsninger;Projektarbejde;Klasseundervisning;Gruppearbejde;100;2016/2017
Erhvervsøkonomi-jura, HA (jur.);bach_samf;udb2-samferhvervsoekjur;www.ug.dk/uddannelser/universitetsuddannelser/bacheloruddannelser/samfundsvidenskabeligebacheloruddannelser/erhvervsoekonomi/erhvervsoekonomi-og-erhvervsjura;56510;HA erhvervsret, bach.;Erhvervsøkonomi og erhvervsjura;Universitetsuddannelser;Bacheloruddannelse;Erhvervsøkonomi og erhvervsret,Erhvervsøkonomi og jura,Erhvervsøkonomi-erhvervsret,Erhvervsøkonomi-jura,Erhvervsøkonomi-jura,HA (jur.);Frederiksberg,Aarhus C,Odense M,Aarhus C,Odense M,Aalborg;147,751,461,751,461,851;851446;Aalborg Universitet;9100;Aalborg;Aalborg Kommune;851;Aalborg Universitet - Aalborg;851416;4,33;144;0,83;E2015/F2016;94,44;0;5,56;0;E2015/F2016;50,61;36,32;13,07;E2015/F2016;;;;;Ingen data;;Ingen data;;3;3 år og 0 måneder;148;2013-2015;19;2013-2015;408;;;;;;;;;;Ingen data;;;;;;Ingen data;;Ingen data;;;Ingen data;;;;;;;;;;Ingen data;;;Ingen data;;;3,88;75;2016/2017;3,63;75;2016/2017;;;;;;;;;;Ingen data;;;;;;;Ingen data;;;;;;;Ingen data;4,25;65;2016/2017;3,6;72;2016/2017;;;Ingen data;;;Ingen data;4,11;75;2016/2017;4,23;75;2016/2017;87;26;2;32;8;24;65;2016/2017;3,89;73;2016/2017;;;;;Ingen data;4,22;74;2016/2017;4,49;74;2016/2017;3,53;73;2016/2017;3,82;74;2016/2017;3,85;67;2016/2017;Forelæsninger;Selvstudie;Klasseundervisning;Projektarbejde;Gruppearbejde;55;2016/2017
Erhvervsøkonomi, HA;bach_samf;udb2-samfalmenerhvervsoeko;www.ug.dk/uddannelser/universitetsuddannelser/bacheloruddannelser/samfundsvidenskabeligebacheloruddannelser/erhvervsoekonomi/erhvervsoekonomi-ha;57000,57180,33040;HA erhvervsøkonomi, bach.;Erhvervsøkonomi, HA;Universitetsuddannelser;Bacheloruddannelse;Business Administration;Aalborg,Herning,Esbjerg,Kolding,Roskilde,Frederiksberg,Slagelse,Odense M,Sønderborg,Aarhus C,Aarhus C;851,657,561,621,265,147,330,461,540,751,751;851446;Aalborg Universitet;9100;Aalborg;Aalborg Kommune;851;Aalborg Universitet - Aalborg;851416;13,33;101;9,17;E2015/F2016;75;13,89;11,11;0;E2015/F2016;67,58;26,72;5,7;E2015/F2016;;;;;Ingen data;;Ingen data;;2;2 år og 4 måneder;631;2013-2015;12;2013-2015;1129;;;;;;;;;;Ingen data;;;;;;Ingen data;;Ingen data;;;Ingen data;;;;;;;;;;Ingen data;;;Ingen data;;;3,66;182;2016/2017;3,56;179;2016/2017;;;;;;;;;;Ingen data;;;;;;;Ingen data;;;;;;;Ingen data;3,76;156;2016/2017;3,23;179;2016/2017;;;Ingen data;;;Ingen data;3,7;178;2016/2017;3,89;181;2016/2017;226;21;2;32;10;24;160;2016/2017;3,64;180;2016/2017;;;;;Ingen data;4,09;180;2016/2017;4,21;178;2016/2017;3,23;172;2016/2017;3,44;180;2016/2017;3,73;173;2016/2017;Projektarbejde;Forelæsninger;Selvstudie;Gruppearbejde;Faglig vejledning fra din underviser;152;2016/2017
Fysik;bach_nat;udb2-natvidfysik;www.ug.dk/uddannelser/universitetsuddannelser/bacheloruddannelser/naturvidenskabeligebacheloruddannelser/matematikfysikkemiogdatalogi/fysik;81370;Fysik,bach.;Fysik;Universitetsuddannelser;Bacheloruddannelse;Fysiker,Physics,Physics;Aalborg,Roskilde,Odense M,Aarhus C,København K;851,265,461,751,101;851446;Aalborg Universitet;9100;Aalborg;Aalborg Kommune;851;Aalborg Universitet - Aalborg;851416;112,67;52;28,5;E2015/F2016;91,67;0;8,33;0;E2015/F2016;95,01;3,98;1,02;E2015/F2016;;;;;Ingen data;;Ingen data;;3;3 år og 1 måneder;13;2013-2015;20;2013-2015;46;;;;;;;;;;Ingen data;;;;;;Ingen data;;Ingen data;;;Ingen data;;;;;;;;;;Ingen data;;;Ingen data;;;4,12;17;2016/2017;3,94;16;2016/2017;;;;;;;;;;Ingen data;;;;;;;Ingen data;;;;;;;Ingen data;4,25;16;2016/2017;4,44;16;2016/2017;;;Ingen data;;;Ingen data;3,76;17;2016/2017;4,29;17;2016/2017;18;36;1;31;1;28;16;2016/2017;4;16;2016/2017;;;;;Ingen data;4,25;16;2016/2017;4,56;16;2016/2017;4;15;2016/2017;3,69;16;2016/2017;4,19;16;2016/2017;Forelæsninger;Projektarbejde;Gruppearbejde;Selvstudie;Øvelsestimer;17;2016/2017
Geografi;bach_nat;udb2-natvidgeografi;www.ug.dk/uddannelser/universitetsuddannelser/bacheloruddannelser/naturvidenskabeligebacheloruddannelser/biologigeografigeologimv/geografi;81860,81800,81870,81880;Geografi,bach.;Geografi;Universitetsuddannelser;Bacheloruddannelse;Geografi og geoinformatik,Geografi og geoinformatik;Aalborg,København K,Roskilde,København K;851,101,265,101;851446;Aalborg Universitet;9100;Aalborg;Aalborg Kommune;851;Aalborg Universitet - Aalborg;851416;156;0;30,33;E2015/F2016;91,67;0;8,33;0;E2015/F2016;92,29;7,71;0;E2015/F2016;;;;;Ingen data;;Ingen data;;3;3 år og 1 måneder;44;2013-2015;14;2013-2015;88;;;;;;;;;;Ingen data;;;;;;Ingen data;;Ingen data;;;Ingen data;;;;;;;;;;Ingen data;;;Ingen data;;;;;Ingen data;;;Ingen data;;;;;;;;;;Ingen data;;;;;;;Ingen data;;;;;;;Ingen data;;;Ingen data;;;Ingen data;;;Ingen data;;;Ingen data;;;Ingen data;;;Ingen data;;;;;;;;Ingen data;;;Ingen data;;;;;Ingen data;;;Ingen data;;;Ingen data;;;Ingen data;;;Ingen data;;;Ingen data;;;;;;;Ingen data
Globale Forretningssystemer;bach_tek;udb2-civeksport;www.ug.dk/uddannelser/universitetsuddannelser/bacheloruddannelser/tekniskvidenskabeligebacheloruddannelser/civilingenioeruddannelser/globale-forretningssystemer;79300,4801;Ingeniør una,bach.;Globale forretningssystemer;Universitetsuddannelser;Bacheloruddannelse;;Aalborg;851;851446;Aalborg Universitet;9100;Aalborg;Aalborg Kommune;851;Aalborg Universitet - Aalborg;851416;0;156;30,33;E2015/F2016;91,67;0;8,33;0;E2015/F2016;98,77;1,23;0;E2015/F2016;;;;;Ingen data;;Ingen data;;3;2 år og 9 måneder;664;2013-2015;39;2013-2015;405;;;;;;;;;;Ingen data;;;;;;Ingen data;;Ingen data;;;Ingen data;;;;;;;;;;Ingen data;;;Ingen data;;;3,94;54;2016/2017;3,76;54;2016/2017;;;;;;;;;;Ingen data;;;;;;;Ingen data;;;;;;;Ingen data;4,12;50;2016/2017;3,52;52;2016/2017;;;Ingen data;;;Ingen data;4,04;54;2016/2017;4;54;2016/2017;61;48;7;21;5;28;50;2016/2017;3,96;53;2016/2017;;;;;Ingen data;3,83;53;2016/2017;4,26;53;2016/2017;3,36;53;2016/2017;3,47;53;2016/2017;3,91;53;2016/2017;Projektarbejde;Gruppearbejde;Forelæsninger;Selvstudie;Faglig vejledning fra din underviser;49;2016/2017
Historie;bach_hum;udb2-humhistorie;www.ug.dk/uddannelser/universitetsuddannelser/bacheloruddannelser/humanistiskebacheloruddannelser/oevrigehumaniora/historie;65340;Historie,bach.;Historie;Universitetsuddannelser;Bacheloruddannelse;;Aalborg,København K,Roskilde,Odense M,Aarhus C,København K;851,101,265,461,751,101;851446;Aalborg Universitet;9100;Aalborg;Aalborg Kommune;851;Aalborg Universitet - Aalborg;851416;0;80,6;1,6;E2015/F2016;70;0;30;0;E2015/F2016;90,02;9,98;0;E2015/F2016;;;;;Ingen data;;Ingen data;;3;2 år og 9 måneder;112;2013-2015;16;2013-2015;249;;;;;;;;;;Ingen data;;;;;;Ingen data;;Ingen data;;;Ingen data;;;;;;;;;;Ingen data;;;Ingen data;;;;;Ingen data;;;Ingen data;;;;;;;;;;Ingen data;;;;;;;Ingen data;;;;;;;Ingen data;;;Ingen data;;;Ingen data;;;Ingen data;;;Ingen data;;;Ingen data;;;Ingen data;;;;;;;;Ingen data;;;Ingen data;;;;;Ingen data;;;Ingen data;;;Ingen data;;;Ingen data;;;Ingen data;;;Ingen data;;;;;;;Ingen data
Idræt;bach_nat;udb2-natvididraet;www.ug.dk/uddannelser/universitetsuddannelser/bacheloruddannelser/naturvidenskabeligebacheloruddannelser/oevrigenaturvidenskab/idraet;82530;Idræt/Idræt og sundhed,bach.;Idræt;Universitetsuddannelser;Bacheloruddannelse;Humanistisk-samfundsvidenskabelig idrætsvidenskab,Idræt og sundhed,Idræt og sundhed;Aalborg,København K,Odense M,Aarhus C,København K;851,101,461,751,101;851446;Aalborg Universitet;9100;Aalborg;Aalborg Kommune;851;Aalborg Universitet - Aalborg;851416;43,83;110,5;32,17;E2015/F2016;88,89;0;11,11;0;E2015/F2016;84,94;13,05;2;E2015/F2016;;;;;Ingen data;;Ingen data;;3;2 år og 11 måneder;305;2013-2015;14;2013-2015;487;;;;;;;;;;Ingen data;;;;;;Ingen data;;Ingen data;;;Ingen data;;;;;;;;;;Ingen data;;;Ingen data;;;;;Ingen data;;;Ingen data;;;;;;;;;;Ingen data;;;;;;;Ingen data;;;;;;;Ingen data;;;Ingen data;;;Ingen data;;;Ingen data;;;Ingen data;;;Ingen data;;;Ingen data;;;;;;;;Ingen data;;;Ingen data;;;;;Ingen data;;;Ingen data;;;Ingen data;;;Ingen data;;;Ingen data;;;Ingen data;;;;;;;Ingen data
Informatik;bach_nat;udb2-natvidinformatik;www.ug.dk/uddannelser/universitetsuddannelser/bacheloruddannelser/naturvidenskabeligebacheloruddannelser/matematikfysikkemiogdatalogi/informatik;81320,8105;"Naturvidenskab,bach.; Informatik, bach.";Informatik;Universitetsuddannelser;Bacheloruddannelse;Informatics;Aalborg,Roskilde;851,265;851446;Aalborg Universitet;9100;Aalborg;Aalborg Kommune;851;Aalborg Universitet - Aalborg;851416;43,33;112,67;30,33;E2015/F2016;91,67;0;8,33;0;E2015/F2016;92,11;5,7;2,19;E2015/F2016;;;;;Ingen data;;Ingen data;;3;2 år og 10 måneder;51;2013-2015;38;2013-2015;76;;;;;;;;;;Ingen data;;;;;;Ingen data;;Ingen data;;;Ingen data;;;;;;;;;;Ingen data;;;Ingen data;;;3,41;17;2016/2017;3,47;17;2016/2017;;;;;;;;;;Ingen data;;;;;;;Ingen data;;;;;;;Ingen data;3,87;15;2016/2017;3,35;17;2016/2017;;;Ingen data;;;Ingen data;4,06;17;2016/2017;4;17;2016/2017;22;39;1;28;6;17;16;2016/2017;3,65;17;2016/2017;;;;;Ingen data;4,18;17;2016/2017;4,18;17;2016/2017;3,59;17;2016/2017;3,82;17;2016/2017;3,94;17;2016/2017;Projektarbejde;Gruppearbejde;Forelæsninger;Selvstudie;Faglig vejledning fra din underviser;16;2016/2017
Informationsteknologi;bach_nat;udb2-natvidinformationstekn;www.ug.dk/uddannelser/universitetsuddannelser/bacheloruddannelser/naturvidenskabeligebacheloruddannelser/matematikfysikkemiogdatalogi/informationsteknologi;81000;Informationsteknologi,ing.bach.;Informationsteknologi;Universitetsuddannelser;Bacheloruddannelse;;Aalborg;851;851446;Aalborg Universitet;9100;Aalborg;Aalborg Kommune;851;Aalborg Universitet - Aalborg;851416;8,67;147,33;30,33;E2015/F2016;91,67;0;8,33;0;E2015/F2016;90,53;7,27;2,19;E2015/F2016;;;;;Ingen data;;Ingen data;;2;1 år og 11 måneder;25;2013-2015;13;2013-2015;87;;;;;;;;;;Ingen data;;;;;;Ingen data;;Ingen data;;;Ingen data;;;;;;;;;;Ingen data;;;Ingen data;;;3,69;49;2016/2017;3,61;49;2016/2017;;;;;;;;;;Ingen data;;;;;;;Ingen data;;;;;;;Ingen data;3,69;48;2016/2017;2,92;49;2016/2017;;;Ingen data;;;Ingen data;3,65;49;2016/2017;3,82;49;2016/2017;59;43;2;25;9;20;48;2016/2017;3,71;48;2016/2017;;;;;Ingen data;4;49;2016/2017;4,22;49;2016/2017;3,31;49;2016/2017;3,45;49;2016/2017;3,81;47;2016/2017;Forelæsninger;Projektarbejde;Gruppearbejde;Selvstudie;Faglig vejledning fra din underviser;47;2016/2017
Innovation og Digitalisering;bach_samf;udb2-samfoffentliginnovation;www.ug.dk/uddannelser/universitetsuddannelser/bacheloruddannelser/samfundsvidenskabeligebacheloruddannelser/oevrigesamfundsvidenskab/innovation-og-digitalisering;71370;Offentlig innovation og digitalisering, bach.;Innovation og digitalisering;Universitetsuddannelser;Bacheloruddannelse;;Aalborg;851;851446;Aalborg Universitet;9100;Aalborg;Aalborg Kommune;851;Aalborg Universitet - Aalborg;851416;100,5;0;15;E2015/F2016;100;0;0;0;E2015/F2016;71,86;28,14;0;E2015/F2016;;;;;Ingen data;;Ingen data;;;;;Ingen data;;Ingen data;;;;;;;;;;;Ingen data;;;;;;Ingen data;;Ingen data;;;Ingen data;;;;;;;;;;Ingen data;;;Ingen data;;;;;Ingen data;;;Ingen data;;;;;;;;;;Ingen data;;;;;;;Ingen data;;;;;;;Ingen data;;;Ingen data;;;Ingen data;;;Ingen data;;;Ingen data;;;Ingen data;;;Ingen data;;;;;;;;Ingen data;;;Ingen data;;;;;Ingen data;;;Ingen data;;;Ingen data;;;Ingen data;;;Ingen data;;;Ingen data;;;;;;;Ingen data
Interaktionsdesign;bach_nat;udb2-natvidinteraktion;www.ug.dk/uddannelser/universitetsuddannelser/bacheloruddannelser/naturvidenskabeligebacheloruddannelser/oevrigenaturvidenskab/interaktionsdesign;60170;Interaktionsdesign, bach.;Interaktionsdesign;Universitetsuddannelser;Bacheloruddannelse;;Aalborg;851;851446;Aalborg Universitet;9100;Aalborg;Aalborg Kommune;851;Aalborg Universitet - Aalborg;851416;26;130;37;E2015/F2016;100;0;0;0;E2015/F2016;93,26;6,74;0;E2015/F2016;;;;;Ingen data;;Ingen data;;;;;Ingen data;5;2013-2015;41;;;;;;;;;;Ingen data;;;;;;Ingen data;;Ingen data;;;Ingen data;;;;;;;;;;Ingen data;;;Ingen data;;;4,34;32;2016/2017;4,16;32;2016/2017;;;;;;;;;;Ingen data;;;;;;;Ingen data;;;;;;;Ingen data;4,33;27;2016/2017;3,77;31;2016/2017;;;Ingen data;;;Ingen data;4,06;32;2016/2017;4,06;32;2016/2017;44;34;2;32;5;30;27;2016/2017;3,97;32;2016/2017;;;;;Ingen data;4,31;32;2016/2017;4,38;32;2016/2017;4;32;2016/2017;3,91;32;2016/2017;4,35;31;2016/2017;Projektarbejde;Gruppearbejde;Forelæsninger;Selvstudie;Faglig vejledning fra din underviser;27;2016/2017
International Virksomhedskommunikation i Engelsk;bach_hum;udb3-humintvirkengelsk;www.ug.dk/uddannelser/universitetsuddannelser/bacheloruddannelser/humanistiskebacheloruddannelser/erhvervssprog/international-virksomhedskommunikation-i-engelsk;59500,59900,59910,59930,59920,59330,59380,60460,59720,59730,59740,66180;Kommunikation, bach.;International virksomhedskommunikation i engelsk;Universitetsuddannelser;Bacheloruddannelse;;Aalborg,Aarhus C,Odense M,Slagelse,Kolding;851,751,461,330,621;851446;Aalborg Universitet;9100;Aalborg;Aalborg Kommune;851;Aalborg Universitet - Aalborg;851416;0;90,9;26,3;E2015/F2016;75;0;8,33;16,67;E2015/F2016;90,78;8,76;0,46;E2015/F2016;;;;;Ingen data;;Ingen data;;3;2 år og 10 måneder;305;2013-2015;22;2013-2015;679;;;;;;;;;;Ingen data;;;;;;Ingen data;;Ingen data;;;Ingen data;;;;;;;;;;Ingen data;;;Ingen data;;;3,95;110;2016/2017;3,65;108;2016/2017;;;;;;;;;;Ingen data;;;;;;;Ingen data;;;;;;;Ingen data;3,63;98;2016/2017;3,36;107;2016/2017;;;Ingen data;;;Ingen data;3,77;110;2016/2017;3,94;110;2016/2017;134;26;3;29;7;21;97;2016/2017;3,89;109;2016/2017;;;;;Ingen data;4,2;109;2016/2017;4,15;109;2016/2017;3,61;108;2016/2017;3,65;109;2016/2017;4,07;105;2016/2017;Selvstudie;Projektarbejde;Forelæsninger;Klasseundervisning;Gruppearbejde;98;2016/2017
International Virksomhedskommunikation i Spansk;bach_hum;udb3-humintvirkspansk;www.ug.dk/uddannelser/universitetsuddannelser/bacheloruddannelser/humanistiskebacheloruddannelser/erhvervssprog/international-virksomhedskommunikation-i-spansk;59500,59900,59910,59930,59350,59370,60450;Kommunikation, bach.;International virksomhedskommunikation i spansk;Universitetsuddannelser;Bacheloruddannelse;;Aalborg,Aarhus C,Odense M;851,751,461;851446;Aalborg Universitet;9100;Aalborg;Aalborg Kommune;851;Aalborg Universitet - Aalborg;851416;44,2;52;27,6;E2015/F2016;75;0;8,33;16,67;E2015/F2016;44,27;55,57;0,15;E2015/F2016;;;;;Ingen data;;Ingen data;;3;2 år og 10 måneder;175;2013-2015;;Ingen data;;;;;;;;;;;Ingen data;;;;;;Ingen data;;Ingen data;;;Ingen data;;;;;;;;;;Ingen data;;;Ingen data;;;3,67;15;2016/2017;3,6;15;2016/2017;;;;;;;;;;Ingen data;;;;;;;Ingen data;;;;;;;Ingen data;3,27;11;2016/2017;3,27;15;2016/2017;;;Ingen data;;;Ingen data;3,73;15;2016/2017;3,73;15;2016/2017;16;36;1;26;11;24;11;2016/2017;3,6;15;2016/2017;;;;;Ingen data;4,2;15;2016/2017;4,33;15;2016/2017;3,93;15;2016/2017;3,93;15;2016/2017;4,07;15;2016/2017;Klasseundervisning;Selvstudie;Projektarbejde;Gruppearbejde;Forelæsninger;13;2016/2017
International Virksomhedskommunikation i Tysk;bach_hum;udb3-humintvirktysk;www.ug.dk/uddannelser/universitetsuddannelser/bacheloruddannelser/humanistiskebacheloruddannelser/erhvervssprog/international-virksomhedskommunikation-i-tysk;59500,59900,59910,59930,59360,59320,60480;Kommunikaiton, bach;International virksomhedskommunikation i tysk;Universitetsuddannelser;Bacheloruddannelse;;Aalborg,Aarhus C,Odense M;851,751,461;851446;Aalborg Universitet;9100;Aalborg;Aalborg Kommune;851;Aalborg Universitet - Aalborg;851416;44,2;52;27,6;E2015/F2016;75;0;8,33;16,67;E2015/F2016;64,86;34,98;0,15;E2015/F2016;;;;;Ingen data;;Ingen data;;3;2 år og 10 måneder;170;2013-2015;;Ingen data;;;;;;;;;;;Ingen data;;;;;;Ingen data;;Ingen data;;;Ingen data;;;;;;;;;;Ingen data;;;Ingen data;;;;;Ingen data;;;Ingen data;;;;;;;;;;Ingen data;;;;;;;Ingen data;;;;;;;Ingen data;;;Ingen data;;;Ingen data;;;Ingen data;;;Ingen data;;;Ingen data;;;Ingen data;;;;;;;;Ingen data;;;Ingen data;;;;;Ingen data;;;Ingen data;;;Ingen data;;;Ingen data;;;Ingen data;;;Ingen data;;;;;;;Ingen data
Internetteknologier og computersystemer;bach_tek;udb2-civdatateknik;www.ug.dk/uddannelser/universitetsuddannelser/bacheloruddannelser/tekniskvidenskabeligebacheloruddannelser/civilingenioeruddannelser/internetteknologier-og-computersystemer;79090;Internetteknologier-computersystemer,ing.bach.;Internetteknologier og computersystemer;Universitetsuddannelser;Bacheloruddannelse;;Aalborg;851;851446;Aalborg Universitet;9100;Aalborg;Aalborg Kommune;851;Aalborg Universitet - Aalborg;851416;;;;Ingen data;;;;;Ingen data;;;;Ingen data;;;;;Ingen data;;Ingen data;;3;2 år og 8 måneder;11;2013-2015;7;2013-2015;27;;;;;;;;;;Ingen data;;;;;;Ingen data;;Ingen data;;;Ingen data;;;;;;;;;;Ingen data;;;Ingen data;;;;;Ingen data;;;Ingen data;;;;;;;;;;Ingen data;;;;;;;Ingen data;;;;;;;Ingen data;;;Ingen data;;;Ingen data;;;Ingen data;;;Ingen data;;;Ingen data;;;Ingen data;;;;;;;;Ingen data;;;Ingen data;;;;;Ingen data;;;Ingen data;;;Ingen data;;;Ingen data;;;Ingen data;;;Ingen data;;;;;;;Ingen data
IT, Communication and New Media;bach_tek;udb2-civitkommogmedietek;www.ug.dk/uddannelser/universitetsuddannelser/bacheloruddannelser/tekniskvidenskabeligebacheloruddannelser/civilingenioeruddannelser/it-kommunikations-og-medieteknologi;79420;IT, kommunikation og medieteknologi,bach.;It, kommunikations- og medieteknologi;Universitetsuddannelser;Bacheloruddannelse;Communication and New Media (ITCOM),IT;København SV;101;851446;Aalborg Universitet;2450;København SV;Københavns Kommune;101;Aalborg Universitet - København SV;151413;43,33;104;30,33;E2015/F2016;88,89;0;11,11;0;E2015/F2016;85,31;12,04;2,65;E2015/F2016;;;;;Ingen data;;Ingen data;;3;2 år og 11 måneder;42;2013-2015;15;2013-2015;134;;;;;;;;;;Ingen data;;;;;;Ingen data;;Ingen data;;;Ingen data;;;;;;;;;;Ingen data;;;Ingen data;;;3,87;52;2016/2017;3,27;51;2016/2017;;;;;;;;;;Ingen data;;;;;;;Ingen data;;;;;;;Ingen data;3,93;46;2016/2017;3,22;51;2016/2017;;;Ingen data;;;Ingen data;3,63;51;2016/2017;4,04;52;2016/2017;59;44;3;26;11;22;47;2016/2017;3,73;51;2016/2017;;;;;Ingen data;4,2;51;2016/2017;4,12;51;2016/2017;3,76;51;2016/2017;3,61;51;2016/2017;4,02;51;2016/2017;Projektarbejde;Gruppearbejde;Selvstudie;Klasseundervisning;Forelæsninger;48;2016/2017
Jura;bach_samf;udb2-samfjura;www.ug.dk/uddannelser/universitetsuddannelser/bacheloruddannelser/samfundsvidenskabeligebacheloruddannelser/forvaltningmv/jura;70810;Jura,bach.;Jura;Universitetsuddannelser;Bacheloruddannelse;Advokat;Aalborg,København K,Odense M,Aarhus C,København K,Aarhus C;851,101,461,751,101,751;851446;Aalborg Universitet;9100;Aalborg;Aalborg Kommune;851;Aalborg Universitet - Aalborg;851416;14,83;148,33;0;E2015/F2016;94,44;0;5,56;0;E2015/F2016;58,97;28,57;12,46;E2015/F2016;;;;;Ingen data;;Ingen data;;3;2 år og 10 måneder;288;2013-2015;10;2013-2015;378;;;;;;;;;;Ingen data;;;;;;Ingen data;;Ingen data;;;Ingen data;;;;;;;;;;Ingen data;;;Ingen data;;;3,8;91;2016/2017;3,56;91;2016/2017;;;;;;;;;;Ingen data;;;;;;;Ingen data;;;;;;;Ingen data;4,39;76;2016/2017;3,86;90;2016/2017;;;Ingen data;;;Ingen data;3,86;91;2016/2017;4,22;91;2016/2017;111;30;4;28;7;20;76;2016/2017;4,09;90;2016/2017;;;;;Ingen data;4,35;91;2016/2017;4,51;91;2016/2017;3,45;88;2016/2017;3,88;91;2016/2017;3,78;87;2016/2017;Selvstudie;Forelæsninger;Klasseundervisning;Gruppearbejde;Projektarbejde;69;2016/2017
Kemi;bach_nat;udb2-natvidkemi;www.ug.dk/uddannelser/universitetsuddannelser/bacheloruddannelser/naturvidenskabeligebacheloruddannelser/matematikfysikkemiogdatalogi/kemi;81360;Kemi,bach.;Kemi;Universitetsuddannelser;Bacheloruddannelse;Chemistry,Chemistry;Aalborg,København K,Roskilde,Odense M,Aarhus C,København K;851,101,265,461,751,101;851446;Aalborg Universitet;9100;Aalborg;Aalborg Kommune;851;Aalborg Universitet - Aalborg;851416;86,67;69,33;28,17;E2015/F2016;88,89;0;11,11;0;E2015/F2016;93,83;5,11;1,06;E2015/F2016;;;;;Ingen data;;Ingen data;;2;2 år og 4 måneder;10;2013-2015;32;2013-2015;25;;;;;;;;;;Ingen data;;;;;;Ingen data;;Ingen data;;;Ingen data;;;;;;;;;;Ingen data;;;Ingen data;;;;;Ingen data;;;Ingen data;;;;;;;;;;Ingen data;;;;;;;Ingen data;;;;;;;Ingen data;;;Ingen data;;;Ingen data;;;Ingen data;;;Ingen data;;;Ingen data;;;Ingen data;;;;;;;;Ingen data;;;Ingen data;;;;;Ingen data;;;Ingen data;;;Ingen data;;;Ingen data;;;Ingen data;;;Ingen data;;;;;;;Ingen data
Kemi og bioteknologi, diplomingeniør;bach_tek;udb2-civkemiogbiotek;www.ug.dk/uddannelser/universitetsuddannelser/bacheloruddannelser/tekniskvidenskabeligebacheloruddannelser/civilingenioeruddannelser/kemi-og-bioteknologi;79020,79300,70610;"Kemi og bioteknologi,ing.bach.; Biokemi, bach.";Kemi og bioteknologi;Universitetsuddannelser;Bacheloruddannelse;;Esbjerg,Odense M;561,461;851446;Aalborg Universitet;6700;Esbjerg;Esbjerg Kommune;561;Aalborg Universitet - Esbjerg;561408;;;;Ingen data;;;;;Ingen data;;;;Ingen data;;;;;Ingen data;;Ingen data;;3;2 år og 9 måneder;640;2013-2015;48;2013-2015;326;;;;;;;;;;Ingen data;;;;;;Ingen data;;Ingen data;;;Ingen data;;;;;;;;;;Ingen data;;;Ingen data;;;3,77;13;2016/2017;3,54;13;2016/2017;;;;;;;;;;Ingen data;;;;;;;Ingen data;;;;;;;Ingen data;4,3;10;2016/2017;3,85;13;2016/2017;;;Ingen data;;;Ingen data;4;13;2016/2017;4,23;13;2016/2017;16;36;1;36;4;33;10;2016/2017;4,08;13;2016/2017;;;;;Ingen data;4,31;13;2016/2017;4,38;13;2016/2017;3,77;13;2016/2017;3,77;13;2016/2017;4,08;13;2016/2017;Projektarbejde;Forelæsninger;Gruppearbejde;Øvelsestimer;Selvstudie;11;2016/2017
Kemiteknologi;bach_tek;udb2-civkemitek;www.ug.dk/uddannelser/universitetsuddannelser/bacheloruddannelser/tekniskvidenskabeligebacheloruddannelser/civilingenioeruddannelser/kemi-og-teknologi;81400,7922;"Kemi og teknologi,ing.bach.; Kemiteknologi, ing.bach.";Kemi og teknologi;Universitetsuddannelser;Bacheloruddannelse;Teknisk videnskab (civilingeniør) i kemiteknologi;Aalborg,Kgs. Lyngby,Kgs. Lyngby,Aarhus C;851,173,173,751;851446;Aalborg Universitet;9100;Aalborg;Aalborg Kommune;851;Aalborg Universitet - Aalborg;851416;86,67;69,33;30,33;E2015/F2016;91,67;0;8,33;0;E2015/F2016;93,87;5,08;1,05;E2015/F2016;;;;;Ingen data;;Ingen data;;;;;Ingen data;0;2013-2015;44;;;;;;;;;;Ingen data;;;;;;Ingen data;;Ingen data;;;Ingen data;;;;;;;;;;Ingen data;;;Ingen data;;;4,07;27;2016/2017;3,74;27;2016/2017;;;;;;;;;;Ingen data;;;;;;;Ingen data;;;;;;;Ingen data;4;25;2016/2017;3,42;26;2016/2017;;;Ingen data;;;Ingen data;3,93;27;2016/2017;4,04;27;2016/2017;29;37;2;32;3;27;25;2016/2017;3,92;26;2016/2017;;;;;Ingen data;4,15;27;2016/2017;4,44;27;2016/2017;3,85;26;2016/2017;3,81;27;2016/2017;4,15;27;2016/2017;Projektarbejde;Gruppearbejde;Forelæsninger;Øvelsestimer;Selvstudie;23;2016/2017
Kommunikation og digitale medier;bach_hum;udb2-humhuminformatik;www.ug.dk/uddannelser/universitetsuddannelser/bacheloruddannelser/humanistiskebacheloruddannelser/oevrigehumaniora/kommunikation-og-digitale-medier;65360,3335;"Humanistisk Informatik,bach.; Kommunikation og digitale medier, bach.";Kommunikation og digitale medier;Universitetsuddannelser;Bacheloruddannelse;humanistisk informatik;Aalborg,København SV;851,101;851446;Aalborg Universitet;9100;Aalborg;Aalborg Kommune;851;Aalborg Universitet - Aalborg;851416;0;171,17;27,67;E2015/F2016;91,67;0;8,33;0;E2015/F2016;98,27;1,73;0;E2015/F2016;;;;;Ingen data;;Ingen data;;3;2 år og 9 måneder;682;2013-2015;13;2013-2015;924;;;;;;;;;;Ingen data;;;;;;Ingen data;;Ingen data;;;Ingen data;;;;;;;;;;Ingen data;;;Ingen data;;;4,02;56;2016/2017;3,95;56;2016/2017;;;;;;;;;;Ingen data;;;;;;;Ingen data;;;;;;;Ingen data;4,08;53;2016/2017;3,44;55;2016/2017;;;Ingen data;;;Ingen data;4,09;56;2016/2017;4;56;2016/2017;70;27;4;33;8;33;53;2016/2017;3,6;55;2016/2017;;;;;Ingen data;4,09;55;2016/2017;4,18;55;2016/2017;3,31;54;2016/2017;3,49;55;2016/2017;4;55;2016/2017;Projektarbejde;Forelæsninger;Selvstudie;Gruppearbejde;Faglig vejledning fra din underviser;48;2016/2017
Kommunikation og digitale medier;bach_hum;udb2-humhuminformatik;www.ug.dk/uddannelser/universitetsuddannelser/bacheloruddannelser/humanistiskebacheloruddannelser/oevrigehumaniora/kommunikation-og-digitale-medier;65360,3335;"Humanistisk Informatik,bach.; Kommunikation og digitale medier, bach.";Kommunikation og digitale medier;Universitetsuddannelser;Bacheloruddannelse;humanistisk informatik;Aalborg,København SV;851,101;851446;Aalborg Universitet;2450;København SV;Københavns Kommune;101;Aalborg Universitet - København SV;151413;5,5;123,83;27,67;E2015/F2016;91,67;0;8,33;0;E2015/F2016;94,39;5,61;0;E2015/F2016;;;;;Ingen data;;Ingen data;;3;2 år og 9 måneder;682;2013-2015;13;2013-2015;924;;;;;;;;;;Ingen data;;;;;;Ingen data;;Ingen data;;;Ingen data;;;;;;;;;;Ingen data;;;Ingen data;;;4;39;2016/2017;3,9;39;2016/2017;;;;;;;;;;Ingen data;;;;;;;Ingen data;;;;;;;Ingen data;4,17;35;2016/2017;3,74;39;2016/2017;;;Ingen data;;;Ingen data;3,72;39;2016/2017;4,03;39;2016/2017;49;28;3;32;12;25;35;2016/2017;3,82;39;2016/2017;;;;;Ingen data;4,28;39;2016/2017;4,1;39;2016/2017;3,76;38;2016/2017;3,77;39;2016/2017;4,16;38;2016/2017;Projektarbejde;Gruppearbejde;Selvstudie;Forelæsninger;Klasseundervisning;31;2016/2017
Landinspektørvidenskab;bach_tek;udb2-civlandinspektoer;www.ug.dk/uddannelser/universitetsuddannelser/bacheloruddannelser/tekniskvidenskabeligebacheloruddannelser/oevrigetekniskvidenskab/landinspektoervidenskab;82710;Landinspektør,bach.;Landinspektørvidenskab;Universitetsuddannelser;Bacheloruddannelse;;Aalborg,København SV;851,101;851446;Aalborg Universitet;9100;Aalborg;Aalborg Kommune;851;Aalborg Universitet - Aalborg;851416;147,33;0;30,33;E2015/F2016;88,89;0;11,11;0;E2015/F2016;90,51;9,49;0;E2015/F2016;;;;;Ingen data;;Ingen data;;3;2 år og 9 måneder;58;2013-2015;20;2013-2015;138;;;;;;;;;;Ingen data;;;;;;Ingen data;;Ingen data;;;Ingen data;;;;;;;;;;Ingen data;;;Ingen data;;;4,55;31;2016/2017;4,45;31;2016/2017;;;;;;;;;;Ingen data;;;;;;;Ingen data;;;;;;;Ingen data;4;29;2016/2017;3,71;31;2016/2017;;;Ingen data;;;Ingen data;3,97;31;2016/2017;3,94;31;2016/2017;32;48;2;33;5;28;29;2016/2017;3,55;31;2016/2017;;;;;Ingen data;4,39;31;2016/2017;4,39;31;2016/2017;3,74;31;2016/2017;3,87;31;2016/2017;4,2;30;2016/2017;Projektarbejde;Forelæsninger;Selvstudie;Gruppearbejde;Klasseundervisning;27;2016/2017
Landinspektørvidenskab;bach_tek;udb2-civlandinspektoer;www.ug.dk/uddannelser/universitetsuddannelser/bacheloruddannelser/tekniskvidenskabeligebacheloruddannelser/oevrigetekniskvidenskab/landinspektoervidenskab;82710;Landinspektør,bach.;Landinspektørvidenskab;Universitetsuddannelser;Bacheloruddannelse;;Aalborg,København SV;851,101;851446;Aalborg Universitet;2450;København SV;Københavns Kommune;101;Aalborg Universitet - København SV;151413;147,33;0;30,33;E2015/F2016;88,89;0;11,11;0;E2015/F2016;89,87;10,13;0;E2015/F2016;;;;;Ingen data;;Ingen data;;3;2 år og 9 måneder;58;2013-2015;20;2013-2015;138;;;;;;;;;;Ingen data;;;;;;Ingen data;;Ingen data;;;Ingen data;;;;;;;;;;Ingen data;;;Ingen data;;;3,78;18;2016/2017;4;18;2016/2017;;;;;;;;;;Ingen data;;;;;;;Ingen data;;;;;;;Ingen data;4;18;2016/2017;3,59;17;2016/2017;;;Ingen data;;;Ingen data;3,72;18;2016/2017;3,78;18;2016/2017;21;38;1;22;3;25;18;2016/2017;3,65;17;2016/2017;;;;;Ingen data;4,17;18;2016/2017;4,5;18;2016/2017;3,61;18;2016/2017;3,33;18;2016/2017;4,17;18;2016/2017;Projektarbejde;Klasseundervisning;Selvstudie;Forelæsninger;Gruppearbejde;16;2016/2017
Maskin og Produktion;bach_tek;udb2-civprod;www.ug.dk/uddannelser/universitetsuddannelser/bacheloruddannelser/tekniskvidenskabeligebacheloruddannelser/civilingenioeruddannelser/maskin-og-produktion;79310,30270,32170;Maskin - industri/produktion, ing.bach.;Maskin og produktion;Universitetsuddannelser;Bacheloruddannelse;Teknisk videnskab (civilingeniør) i maskinkonstruktion;Aalborg,Esbjerg;851,561;851446;Aalborg Universitet;9100;Aalborg;Aalborg Kommune;851;Aalborg Universitet - Aalborg;851416;17,33;138,67;30,33;E2015/F2016;91,67;0;8,33;0;E2015/F2016;95,44;3,51;1,05;E2015/F2016;;;;;Ingen data;;Ingen data;;2;2 år og 4 måneder;63;2013-2015;20;2013-2015;206;;;;;;;;;;Ingen data;;;;;;Ingen data;;Ingen data;;;Ingen data;;;;;;;;;;Ingen data;;;Ingen data;;;4,14;28;2016/2017;3,89;28;2016/2017;;;;;;;;;;Ingen data;;;;;;;Ingen data;;;;;;;Ingen data;4,42;26;2016/2017;4,04;28;2016/2017;;;Ingen data;;;Ingen data;4,11;28;2016/2017;4,43;28;2016/2017;31;32;1;27;4;36;26;2016/2017;4,07;28;2016/2017;;;;;Ingen data;4,39;28;2016/2017;4,54;28;2016/2017;3,81;27;2016/2017;3,93;28;2016/2017;4;28;2016/2017;Projektarbejde;Forelæsninger;Gruppearbejde;Selvstudie;Øvelsestimer;25;2016/2017
Maskin og Produktion;bach_tek;udb2-civprod;www.ug.dk/uddannelser/universitetsuddannelser/bacheloruddannelser/tekniskvidenskabeligebacheloruddannelser/civilingenioeruddannelser/maskin-og-produktion;79310,30270,32170;Maskin - industri/produktion, ing.bach.;Maskin og produktion;Universitetsuddannelser;Bacheloruddannelse;Teknisk videnskab (civilingeniør) i maskinkonstruktion;Aalborg,Esbjerg;851,561;851446;Aalborg Universitet;6700;Esbjerg;Esbjerg Kommune;561;Aalborg Universitet - Esbjerg;561408;130;26;30,33;E2015/F2016;91,67;0;8,33;0;E2015/F2016;95,71;4,29;0;E2015/F2016;;;;;Ingen data;;Ingen data;;2;2 år og 4 måneder;63;2013-2015;20;2013-2015;206;;;;;;;;;;Ingen data;;;;;;Ingen data;;Ingen data;;;Ingen data;;;;;;;;;;Ingen data;;;Ingen data;;;;;Ingen data;;;Ingen data;;;;;;;;;;Ingen data;;;;;;;Ingen data;;;;;;;Ingen data;;;Ingen data;;;Ingen data;;;Ingen data;;;Ingen data;;;Ingen data;;;Ingen data;;;;;;;;Ingen data;;;Ingen data;;;;;Ingen data;;;Ingen data;;;Ingen data;;;Ingen data;;;Ingen data;;;Ingen data;;;;;;;Ingen data
Matematik;bach_nat;udb2-natvidmatematik;www.ug.dk/uddannelser/universitetsuddannelser/bacheloruddannelser/naturvidenskabeligebacheloruddannelser/matematikfysikkemiogdatalogi/matematik;81380,8116;Matematik,bach.;Matematik;Universitetsuddannelser;Bacheloruddannelse;Mathematics,Mathematics;Aalborg,København K,Roskilde,Odense M,Aarhus C,København K;851,101,265,461,751,101;851446;Aalborg Universitet;9100;Aalborg;Aalborg Kommune;851;Aalborg Universitet - Aalborg;851416;95,33;69,33;28,5;E2015/F2016;91,67;0;8,33;0;E2015/F2016;95,6;4,4;0;E2015/F2016;;;;;Ingen data;;Ingen data;;3;2 år og 11 måneder;42;2013-2015;23;2013-2015;105;;;;;;;;;;Ingen data;;;;;;Ingen data;;Ingen data;;;Ingen data;;;;;;;;;;Ingen data;;;Ingen data;;;4,04;25;2016/2017;3,76;25;2016/2017;;;;;;;;;;Ingen data;;;;;;;Ingen data;;;;;;;Ingen data;4,5;24;2016/2017;4,16;25;2016/2017;;;Ingen data;;;Ingen data;3,92;25;2016/2017;4,24;25;2016/2017;29;33;0;25;3;34;24;2016/2017;3,88;25;2016/2017;;;;;Ingen data;4,2;25;2016/2017;4,64;25;2016/2017;3,54;24;2016/2017;3,72;25;2016/2017;4,2;25;2016/2017;Projektarbejde;Forelæsninger;Gruppearbejde;Selvstudie;Øvelsestimer;22;2016/2017
Matematik-teknologi;bach_tek;udb2-civmatematikteknologi;www.ug.dk/uddannelser/universitetsuddannelser/bacheloruddannelser/tekniskvidenskabeligebacheloruddannelser/civilingenioeruddannelser/matematik-teknologi;79000;Teknisk videnskab (matematik-teknologi),ing.bach.;Matematik-teknologi;Universitetsuddannelser;Bacheloruddannelse;;Aalborg;851;851446;Aalborg Universitet;9100;Aalborg;Aalborg Kommune;851;Aalborg Universitet - Aalborg;851416;104;52;30,33;E2015/F2016;91,67;0;8,33;0;E2015/F2016;91,94;8,06;0;E2015/F2016;;;;;Ingen data;;Ingen data;;;;;Ingen data;25;2013-2015;40;;;;;;;;;;Ingen data;;;;;;Ingen data;;Ingen data;;;Ingen data;;;;;;;;;;Ingen data;;;Ingen data;;;4,47;15;2016/2017;4,33;15;2016/2017;;;;;;;;;;Ingen data;;;;;;;Ingen data;;;;;;;Ingen data;4,27;15;2016/2017;3,93;15;2016/2017;;;Ingen data;;;Ingen data;4,27;15;2016/2017;4,47;15;2016/2017;15;38;2;18;4;36;15;2016/2017;4;15;2016/2017;;;;;Ingen data;4,07;15;2016/2017;4,33;15;2016/2017;4;15;2016/2017;3,8;15;2016/2017;4,4;15;2016/2017;Projektarbejde;Gruppearbejde;Forelæsninger;Selvstudie;Faglig vejledning fra din underviser;11;2016/2017
Matematik-økonomi;bach_nat;udb2-natvidmatematikoeko;www.ug.dk/uddannelser/universitetsuddannelser/bacheloruddannelser/naturvidenskabeligebacheloruddannelser/matematikfysikkemiogdatalogi/matematik-oekonomi;81330;Matematik og økonomi,bach.;Matematik-økonomi;Universitetsuddannelser;Bacheloruddannelse;;Aalborg,København K,Odense M,Aarhus C,København K;851,101,461,751,101;851446;Aalborg Universitet;9100;Aalborg;Aalborg Kommune;851;Aalborg Universitet - Aalborg;851416;78;78;30,33;E2015/F2016;91,67;0;8,33;0;E2015/F2016;95,44;4,56;0;E2015/F2016;;;;;Ingen data;;Ingen data;;3;3 år og 0 måneder;26;2013-2015;27;2013-2015;66;;;;;;;;;;Ingen data;;;;;;Ingen data;;Ingen data;;;Ingen data;;;;;;;;;;Ingen data;;;Ingen data;;;;;Ingen data;;;Ingen data;;;;;;;;;;Ingen data;;;;;;;Ingen data;;;;;;;Ingen data;;;Ingen data;;;Ingen data;;;Ingen data;;;Ingen data;;;Ingen data;;;Ingen data;;;;;;;;Ingen data;;;Ingen data;;;;;Ingen data;;;Ingen data;;;Ingen data;;;Ingen data;;;Ingen data;;;Ingen data;;;;;;;Ingen data
Medialogy;bach_nat;udb2-natvidmedialogi;www.ug.dk/uddannelser/universitetsuddannelser/bacheloruddannelser/naturvidenskabeligebacheloruddannelser/matematikfysikkemiogdatalogi/medialogy;60500;Medialogi,bach.;Medialogy;Universitetsuddannelser;Bacheloruddannelse;Medialogi;Aalborg,København SV;851,101;851446;Aalborg Universitet;9100;Aalborg;Aalborg Kommune;851;Aalborg Universitet - Aalborg;851416;0;147,33;30,33;E2015/F2016;88,89;0;11,11;0;E2015/F2016;96,33;0;3,67;E2015/F2016;;;;;Ingen data;;Ingen data;;3;3 år og 0 måneder;306;2013-2015;25;2013-2015;1054;;;;;;;;;;Ingen data;;;;;;Ingen data;;Ingen data;;;Ingen data;;;;;;;;;;Ingen data;;;Ingen data;;;4,1;68;2016/2017;3,63;68;2016/2017;;;;;;;;;;Ingen data;;;;;;;Ingen data;;;;;;;Ingen data;3,77;60;2016/2017;3,29;63;2016/2017;;;Ingen data;;;Ingen data;3,59;68;2016/2017;3,84;68;2016/2017;77;31;1;33;3;27;60;2016/2017;3,74;65;2016/2017;;;;;Ingen data;3,97;65;2016/2017;4,31;65;2016/2017;3,55;64;2016/2017;3,57;65;2016/2017;3,89;64;2016/2017;Projektarbejde;Forelæsninger;Gruppearbejde;Selvstudie;Faglig vejledning fra din underviser;61;2016/2017
Medialogy;bach_nat;udb2-natvidmedialogi;www.ug.dk/uddannelser/universitetsuddannelser/bacheloruddannelser/naturvidenskabeligebacheloruddannelser/matematikfysikkemiogdatalogi/medialogy;60500;Medialogi,bach.;Medialogy;Universitetsuddannelser;Bacheloruddannelse;Medialogi;Aalborg,København SV;851,101;851446;Aalborg Universitet;2450;København SV;Københavns Kommune;101;Aalborg Universitet - København SV;151413;0;147,33;30,33;E2015/F2016;88,89;0;11,11;0;E2015/F2016;100;0;0;E2015/F2016;;;;;Ingen data;;Ingen data;;3;3 år og 0 måneder;306;2013-2015;25;2013-2015;1054;;;;;;;;;;Ingen data;;;;;;Ingen data;;Ingen data;;;Ingen data;;;;;;;;;;Ingen data;;;Ingen data;;;3,6;55;2016/2017;3,41;54;2016/2017;;;;;;;;;;Ingen data;;;;;;;Ingen data;;;;;;;Ingen data;3,22;51;2016/2017;3,06;53;2016/2017;;;Ingen data;;;Ingen data;3,04;55;2016/2017;3,3;54;2016/2017;74;25;1;34;5;31;52;2016/2017;3,31;52;2016/2017;;;;;Ingen data;3,48;54;2016/2017;3,94;53;2016/2017;2,94;52;2016/2017;2,74;54;2016/2017;3,25;52;2016/2017;Projektarbejde;Gruppearbejde;Selvstudie;Forelæsninger;Klasseundervisning;50;2016/2017
Medicin (lægeuddannelsen);bach_sundteol;udb2-sundmedicin;www.ug.dk/uddannelser/universitetsuddannelser/bacheloruddannelser/sundhedsvidenskabeligebacheloruddannelser/medicin;71720;Medicin,bach.;Medicin;Universitetsuddannelser;Bacheloruddannelse;Lægeuddannelsen,Lægevidenskab;Aalborg,København K,Odense M,Aarhus C,København K;851,101,461,751,101;851446;Aalborg Universitet;9100;Aalborg;Aalborg Kommune;851;Aalborg Universitet - Aalborg;851416;38,33;80,17;49,33;E2015/F2016;91,43;0;8,57;0;E2015/F2016;89,34;4,65;6,01;E2015/F2016;;;;;Ingen data;;Ingen data;;3;2 år og 7 måneder;151;2013-2015;6;2013-2015;188;;;;;;;;;;Ingen data;;;;;;Ingen data;;Ingen data;;;Ingen data;;;;;;;;;;Ingen data;;;Ingen data;;;4,18;91;2016/2017;3,96;91;2016/2017;;;;;;;;;;Ingen data;;;;;;;Ingen data;;;;;;;Ingen data;4,27;85;2016/2017;3,91;91;2016/2017;;;Ingen data;;;Ingen data;4,12;91;2016/2017;4,2;91;2016/2017;108;40;3;35;5;21;85;2016/2017;3,83;89;2016/2017;;;;;Ingen data;3,91;91;2016/2017;4,34;91;2016/2017;3,14;84;2016/2017;3,43;91;2016/2017;3,45;89;2016/2017;Selvstudie;Gruppearbejde;Forelæsninger;Projektarbejde;Øvelsestimer;82;2016/2017
Medicin med industriel specialisering;bach_nat;udb2-natvidindustrielmedicin;www.ug.dk/uddannelser/universitetsuddannelser/bacheloruddannelser/naturvidenskabeligebacheloruddannelser/matematikfysikkemiogdatalogi/medicin-med-industriel-specialisering;79200;Medicin med industriel speciale,bach.;Medicin med industriel specialisering;Universitetsuddannelser;Bacheloruddannelse;;Aalborg;851;851446;Aalborg Universitet;9100;Aalborg;Aalborg Kommune;851;Aalborg Universitet - Aalborg;851416;34;91,5;44;E2015/F2016;91,67;0;8,33;0;E2015/F2016;90,19;3,85;5,96;E2015/F2016;;;;;Ingen data;;Ingen data;;3;3 år og 1 måneder;132;2013-2015;24;2013-2015;389;;;;;;;;;;Ingen data;;;;;;Ingen data;;Ingen data;;;Ingen data;;;;;;;;;;Ingen data;;;Ingen data;;;3,85;67;2016/2017;3,8;66;2016/2017;;;;;;;;;;Ingen data;;;;;;;Ingen data;;;;;;;Ingen data;4,14;63;2016/2017;3,83;66;2016/2017;;;Ingen data;;;Ingen data;3,91;67;2016/2017;4,04;67;2016/2017;84;26;2;34;9;21;64;2016/2017;3,86;66;2016/2017;;;;;Ingen data;3,8;66;2016/2017;4,3;66;2016/2017;3,06;62;2016/2017;3,23;65;2016/2017;3,43;63;2016/2017;Selvstudie;Gruppearbejde;Forelæsninger;Projektarbejde;Øvelsestimer;55;2016/2017
Miljøvidenskab;bach_tek;udb2-civmiljoeteknologi;www.ug.dk/uddannelser/universitetsuddannelser/bacheloruddannelser/tekniskvidenskabeligebacheloruddannelser/civilingenioeruddannelser/miljoevidenskab;79340;Miljøteknologi,ing.bach.;Miljøvidenskab;Universitetsuddannelser;Bacheloruddannelse;;Aalborg;851;851446;Aalborg Universitet;9100;Aalborg;Aalborg Kommune;851;Aalborg Universitet - Aalborg;851416;;;;Ingen data;;;;;Ingen data;;;;Ingen data;;;;;Ingen data;;Ingen data;;;;;Ingen data;;Ingen data;;;;;;;;;;;Ingen data;;;;;;Ingen data;;Ingen data;;;Ingen data;;;;;;;;;;Ingen data;;;Ingen data;;;;;Ingen data;;;Ingen data;;;;;;;;;;Ingen data;;;;;;;Ingen data;;;;;;;Ingen data;;;Ingen data;;;Ingen data;;;Ingen data;;;Ingen data;;;Ingen data;;;Ingen data;;;;;;;;Ingen data;;;Ingen data;;;;;Ingen data;;;Ingen data;;;Ingen data;;;Ingen data;;;Ingen data;;;Ingen data;;;;;;;Ingen data
Musikterapi;bach_hum;udb2-hummusikterapi;www.ug.dk/uddannelser/universitetsuddannelser/bacheloruddannelser/humanistiskebacheloruddannelser/oevrigehumaniora/musikterapi;60300;Musikterapi,bach.;Musikterapi;Universitetsuddannelser;Bacheloruddannelse;;Aalborg;851;851446;Aalborg Universitet;9100;Aalborg;Aalborg Kommune;851;Aalborg Universitet - Aalborg;851416;129;0;19,67;E2015/F2016;100;0;0;0;E2015/F2016;59,75;40,25;0;E2015/F2016;;;;;Ingen data;;Ingen data;;3;2 år og 10 måneder;15;2013-2015;7;2013-2015;27;;;;;;;;;;Ingen data;;;;;;Ingen data;;Ingen data;;;Ingen data;;;;;;;;;;Ingen data;;;Ingen data;;;4,43;14;2016/2017;4,21;14;2016/2017;;;;;;;;;;Ingen data;;;;;;;Ingen data;;;;;;;Ingen data;4,57;14;2016/2017;4,29;14;2016/2017;;;Ingen data;;;Ingen data;4,36;14;2016/2017;4,57;14;2016/2017;16;48;2;26;6;21;14;2016/2017;4,5;14;2016/2017;;;;;Ingen data;4,86;14;2016/2017;4,64;14;2016/2017;4,29;14;2016/2017;4,71;14;2016/2017;4,71;14;2016/2017;Klasseundervisning;Projektarbejde;Selvstudie;Øvelsestimer;Forelæsninger;12;2016/2017
Musik;kunstneriske;udb2-hummusik;www.ug.dk/uddannelser/universitetsuddannelser/bacheloruddannelser/humanistiskebacheloruddannelser/oevrigehumaniora/musikvidenskab;65860;Musik/Musikvidenskab,bach.;Musikvidenskab;Kunstneriske uddannelser;Bacheloruddannelse;Musik,Musik;Aalborg,København K,Aarhus C,København K;851,101,751,101;851446;Aalborg Universitet;9100;Aalborg;Aalborg Kommune;851;Aalborg Universitet - Aalborg;851416;97,33;0;4,67;E2015/F2016;80,56;0;19,44;0;E2015/F2016;65,41;27,5;7,09;E2015/F2016;;;;;Ingen data;;Ingen data;;3;3 år og 2 måneder;34;2013-2015;4;2013-2015;72;;;;;;;;;;Ingen data;;;;;;Ingen data;;Ingen data;;;Ingen data;;;;;;;;;;Ingen data;;;Ingen data;;;;;Ingen data;;;Ingen data;;;;;;;;;;Ingen data;;;;;;;Ingen data;;;;;;;Ingen data;;;Ingen data;;;Ingen data;;;Ingen data;;;Ingen data;;;Ingen data;;;Ingen data;;;;;;;;Ingen data;;;Ingen data;;;;;Ingen data;;;Ingen data;;;Ingen data;;;Ingen data;;;Ingen data;;;Ingen data;;;;;;;Ingen data
Nanoteknologi;bach_tek;udb2-civnanotek;www.ug.dk/uddannelser/universitetsuddannelser/bacheloruddannelser/tekniskvidenskabeligebacheloruddannelser/civilingenioeruddannelser/nanoteknologi;79380;Nanoteknologi,ing.bach.;Nanoteknologi;Universitetsuddannelser;Bacheloruddannelse;;Aalborg;851;851446;Aalborg Universitet;9100;Aalborg;Aalborg Kommune;851;Aalborg Universitet - Aalborg;851416;;;;Ingen data;;;;;Ingen data;;;;Ingen data;;;;;Ingen data;;Ingen data;;3;2 år og 11 måneder;14;2013-2015;;Ingen data;;;;;;;;;;;Ingen data;;;;;;Ingen data;;Ingen data;;;Ingen data;;;;;;;;;;Ingen data;;;Ingen data;;;;;Ingen data;;;Ingen data;;;;;;;;;;Ingen data;;;;;;;Ingen data;;;;;;;Ingen data;;;Ingen data;;;Ingen data;;;Ingen data;;;Ingen data;;;Ingen data;;;Ingen data;;;;;;;;Ingen data;;;Ingen data;;;;;Ingen data;;;Ingen data;;;Ingen data;;;Ingen data;;;Ingen data;;;Ingen data;;;;;;;Ingen data
Art and Technology;bach_hum;udb2-humoplevelsesteknologi;www.ug.dk/uddannelser/universitetsuddannelser/bacheloruddannelser/humanistiskebacheloruddannelser/oevrigehumaniora/oplevelsesteknologi;66810;Oplevelsesteknologi,bach;Oplevelsesteknologi;Universitetsuddannelser;Bacheloruddannelse;Art and Technology;Aalborg;851;851446;Aalborg Universitet;9100;Aalborg;Aalborg Kommune;851;Aalborg Universitet - Aalborg;851416;73,33;0;31,67;E2015/F2016;88,89;0;11,11;0;E2015/F2016;98,32;1,68;0;E2015/F2016;;;;;Ingen data;;Ingen data;;3;2 år og 10 måneder;73;2013-2015;27;2013-2015;121;;;;;;;;;;Ingen data;;;;;;Ingen data;;Ingen data;;;Ingen data;;;;;;;;;;Ingen data;;;Ingen data;;;4;27;2016/2017;3,81;27;2016/2017;;;;;;;;;;Ingen data;;;;;;;Ingen data;;;;;;;Ingen data;3,84;25;2016/2017;3,42;26;2016/2017;;;Ingen data;;;Ingen data;3,7;27;2016/2017;4;27;2016/2017;32;38;5;35;3;25;25;2016/2017;4,04;26;2016/2017;;;;;Ingen data;4,04;26;2016/2017;4,23;26;2016/2017;3,46;26;2016/2017;3,85;26;2016/2017;3,46;26;2016/2017;Projektarbejde;Gruppearbejde;Selvstudie;Forelæsninger;Klasseundervisning;26;2016/2017
Organisatorisk læring;bach_samf;udb2-samforglaering;www.ug.dk/uddannelser/universitetsuddannelser/bacheloruddannelser/samfundsvidenskabeligebacheloruddannelser/oevrigesamfundsvidenskab/organisatorisk-laering;57690;Organisatorisk læring, bach.;Organisatorisk læring;Universitetsuddannelser;Bacheloruddannelse;;Aalborg;851;851446;Aalborg Universitet;9100;Aalborg;Aalborg Kommune;851;Aalborg Universitet - Aalborg;851416;78,25;11;10,75;E2015/F2016;100;0;0;0;E2015/F2016;99;1;0;E2015/F2016;;;;;Ingen data;;Ingen data;;;;;Ingen data;24;2013-2015;29;;;;;;;;;;Ingen data;;;;;;Ingen data;;Ingen data;;;Ingen data;;;;;;;;;;Ingen data;;;Ingen data;;;3,7;27;2016/2017;3,48;27;2016/2017;;;;;;;;;;Ingen data;;;;;;;Ingen data;;;;;;;Ingen data;3,64;25;2016/2017;3,3;27;2016/2017;;;Ingen data;;;Ingen data;3,93;27;2016/2017;3,85;27;2016/2017;32;41;2;28;7;18;25;2016/2017;3,65;26;2016/2017;;;;;Ingen data;4,15;27;2016/2017;4,19;27;2016/2017;3,3;27;2016/2017;3,41;27;2016/2017;4,04;26;2016/2017;Projektarbejde;Gruppearbejde;Forelæsninger;Selvstudie;Klasseundervisning;22;2016/2017
Politik & Administration;bach_samf;udb2-samfpolitikogadm;www.ug.dk/uddannelser/universitetsuddannelser/bacheloruddannelser/samfundsvidenskabeligebacheloruddannelser/forvaltningmv/politik-og-administration;71090,7103;"Politik og administration, bach; Statskundskab, bach";Politik og administration;Universitetsuddannelser;Bacheloruddannelse;;Aalborg,Roskilde;851,265;851446;Aalborg Universitet;9100;Aalborg;Aalborg Kommune;851;Aalborg Universitet - Aalborg;851416;4,67;95,17;7,83;E2015/F2016;91,89;0;8,11;0;E2015/F2016;83,04;14,01;2,95;E2015/F2016;;;;;Ingen data;;Ingen data;;2;2 år og 5 måneder;195;2013-2015;19;2013-2015;373;;;;;;;;;;Ingen data;;;;;;Ingen data;;Ingen data;;;Ingen data;;;;;;;;;;Ingen data;;;Ingen data;;;3,65;75;2016/2017;3,67;76;2016/2017;;;;;;;;;;Ingen data;;;;;;;Ingen data;;;;;;;Ingen data;3,89;66;2016/2017;3,49;75;2016/2017;;;Ingen data;;;Ingen data;3,97;77;2016/2017;3,88;77;2016/2017;94;33;4;29;6;24;65;2016/2017;3,76;75;2016/2017;;;;;Ingen data;4,14;76;2016/2017;4,37;76;2016/2017;2,68;74;2016/2017;3,59;76;2016/2017;3,72;75;2016/2017;Projektarbejde;Forelæsninger;Selvstudie;Gruppearbejde;Øvelsestimer;63;2016/2017
Produkt- og designpsykologi;bach_tek;udb2-natvidproduktdesign;www.ug.dk/uddannelser/universitetsuddannelser/bacheloruddannelser/tekniskvidenskabeligebacheloruddannelser/civilingenioeruddannelser/produkt-og-designpsykologi;80750,3121;Produkt- og designpsykologi,bach.;Produkt- og designpsykologi;Universitetsuddannelser;Bacheloruddannelse;;Aalborg;851;851446;Aalborg Universitet;9100;Aalborg;Aalborg Kommune;851;Aalborg Universitet - Aalborg;851416;60,67;78;31,5;E2015/F2016;88,89;0;11,11;0;E2015/F2016;85,06;11,49;3,45;E2015/F2016;;;;;Ingen data;;Ingen data;;3;2 år og 10 måneder;34;2013-2015;21;2013-2015;72;;;;;;;;;;Ingen data;;;;;;Ingen data;;Ingen data;;;Ingen data;;;;;;;;;;Ingen data;;;Ingen data;;;4,44;27;2016/2017;4,41;27;2016/2017;;;;;;;;;;Ingen data;;;;;;;Ingen data;;;;;;;Ingen data;3,87;23;2016/2017;3,59;27;2016/2017;;;Ingen data;;;Ingen data;3,93;27;2016/2017;3,93;27;2016/2017;30;51;0;20;3;34;24;2016/2017;3,96;27;2016/2017;;;;;Ingen data;4,04;27;2016/2017;4,44;27;2016/2017;3,96;27;2016/2017;3,67;27;2016/2017;3,88;26;2016/2017;Projektarbejde;Forelæsninger;Gruppearbejde;Selvstudie;Faglig vejledning fra din underviser;24;2016/2017
Manufacturing and Operations Engineering;bach_tek;udb2-civproduktionsudvikling;www.ug.dk/uddannelser/universitetsuddannelser/bacheloruddannelser/tekniskvidenskabeligebacheloruddannelser/civilingenioeruddannelser/produktionsudvikling;79050;Produktionsudvikling, ing.bach.;Produktionsudvikling;Universitetsuddannelser;Bacheloruddannelse;;København SV;101;851446;Aalborg Universitet;2450;København SV;Københavns Kommune;101;Aalborg Universitet - København SV;151413;117;39;37;E2015/F2016;100;0;0;0;E2015/F2016;81,99;18,01;0;E2015/F2016;;;;;Ingen data;;Ingen data;;;;;Ingen data;9;2013-2015;23;;;;;;;;;;Ingen data;;;;;;Ingen data;;Ingen data;;;Ingen data;;;;;;;;;;Ingen data;;;Ingen data;;;4,03;32;2016/2017;3,74;31;2016/2017;;;;;;;;;;Ingen data;;;;;;;Ingen data;;;;;;;Ingen data;4;29;2016/2017;3,53;32;2016/2017;;;Ingen data;;;Ingen data;3,66;32;2016/2017;3,88;32;2016/2017;35;40;4;21;8;30;29;2016/2017;3,91;32;2016/2017;;;;;Ingen data;3,69;32;2016/2017;3,94;32;2016/2017;3,26;31;2016/2017;3,13;32;2016/2017;3,59;32;2016/2017;Gruppearbejde;Projektarbejde;Forelæsninger;Klasseundervisning;Selvstudie;28;2016/2017
Psykologi;bach_samf;udb2-samfpsykologi;www.ug.dk/uddannelser/universitetsuddannelser/bacheloruddannelser/samfundsvidenskabeligebacheloruddannelser/oevrigesamfundsvidenskab/psykologi;71530;Psykologi,bach.;Psykologi;Universitetsuddannelser;Bacheloruddannelse;Psykolog;Aalborg,København K,Odense M,Roskilde,Aarhus C,København K,Aarhus C;851,101,461,265,751,101,751;851446;Aalborg Universitet;9100;Aalborg;Aalborg Kommune;851;Aalborg Universitet - Aalborg;851416;25,67;65,83;10,17;E2015/F2016;88,89;0;11,11;0;E2015/F2016;84,14;15,86;0;E2015/F2016;;;;;Ingen data;;Ingen data;;3;2 år og 10 måneder;358;2013-2015;8;2013-2015;436;;;;;;;;;;Ingen data;;;;;;Ingen data;;Ingen data;;;Ingen data;;;;;;;;;;Ingen data;;;Ingen data;;;4,05;131;2016/2017;3,78;129;2016/2017;;;;;;;;;;Ingen data;;;;;;;Ingen data;;;;;;;Ingen data;4,24;111;2016/2017;4,06;126;2016/2017;;;Ingen data;;;Ingen data;4,02;130;2016/2017;4,15;131;2016/2017;145;36;2;30;5;16;111;2016/2017;3,94;127;2016/2017;;;;;Ingen data;4,31;127;2016/2017;4,48;127;2016/2017;3,31;121;2016/2017;3,65;127;2016/2017;3,79;112;2016/2017;Selvstudie;Forelæsninger;Projektarbejde;Klasseundervisning;Gruppearbejde;111;2016/2017
Robotics;bach_tek;udb2-civrobotteknologi;www.ug.dk/uddannelser/universitetsuddannelser/bacheloruddannelser/tekniskvidenskabeligebacheloruddannelser/civilingenioeruddannelser/robotics;79100;Robotteknologi,ing.bach.;Robotics;Universitetsuddannelser;Bacheloruddannelse;;Aalborg;851;851446;Aalborg Universitet;9100;Aalborg;Aalborg Kommune;851;Aalborg Universitet - Aalborg;851416;41,6;114,4;29,6;E2015/F2016;90;0;10;0;E2015/F2016;100;0;0;E2015/F2016;;;;;Ingen data;;Ingen data;;;;;Ingen data;22;2013-2015;32;;;;;;;;;;Ingen data;;;;;;Ingen data;;Ingen data;;;Ingen data;;;;;;;;;;Ingen data;;;Ingen data;;;3,96;48;2016/2017;3,5;48;2016/2017;;;;;;;;;;Ingen data;;;;;;;Ingen data;;;;;;;Ingen data;3,8;46;2016/2017;3,33;49;2016/2017;;;Ingen data;;;Ingen data;3,64;47;2016/2017;3,83;48;2016/2017;64;44;2;35;6;28;46;2016/2017;3,78;49;2016/2017;;;;;Ingen data;3,8;49;2016/2017;4,22;49;2016/2017;3,57;49;2016/2017;3,1;49;2016/2017;3,91;47;2016/2017;Projektarbejde;Gruppearbejde;Forelæsninger;Selvstudie;Øvelsestimer;43;2016/2017
Samfundsfag;bach_samf;udb2-samfsamfundsfag;www.ug.dk/uddannelser/universitetsuddannelser/bacheloruddannelser/samfundsvidenskabeligebacheloruddannelser/forvaltningmv/samfundsfag;71080,7104;Samfundsfag,bach.;Samfundsfag;Universitetsuddannelser;Bacheloruddannelse;;Aalborg,København K,Odense M,Aarhus C,København K,Aarhus C;851,101,461,751,101,751;851446;Aalborg Universitet;9100;Aalborg;Aalborg Kommune;851;Aalborg Universitet - Aalborg;851416;34;42,17;8,83;E2015/F2016;91,67;0;8,33;0;E2015/F2016;91,2;4,97;3,82;E2015/F2016;;;;;Ingen data;;Ingen data;;3;2 år og 11 måneder;83;2013-2015;14;2013-2015;111;;;;;;;;;;Ingen data;;;;;;Ingen data;;Ingen data;;;Ingen data;;;;;;;;;;Ingen data;;;Ingen data;;;;;Ingen data;;;Ingen data;;;;;;;;;;Ingen data;;;;;;;Ingen data;;;;;;;Ingen data;;;Ingen data;;;Ingen data;;;Ingen data;;;Ingen data;;;Ingen data;;;Ingen data;;;;;;;;Ingen data;;;Ingen data;;;;;Ingen data;;;Ingen data;;;Ingen data;;;Ingen data;;;Ingen data;;;Ingen data;;;;;;;Ingen data
Socialrådgiver;PB;udb2-socialraadgiver;www.ug.dk/uddannelser/professionsbacheloruddannelser/samfundsfagligeogoekonomiskeuddannelser/socialraadgiver;51270;;Socialrådgiver;Professionsbacheloruddannelser;Professionsbacheloruddannelse;;Frederiksberg,Nykøbing F,Aalborg,Roskilde,Risskov,Hillerød,Esbjerg Ø,Aabenraa,Aarhus C,Vejle,Odense M,Slagelse,Holstebro;147,376,851,265,751,219,561,580,751,630,461,330,661;851446;Aalborg Universitet;9100;Aalborg;Aalborg Kommune;851;Aalborg Universitet - Aalborg;851416;21,57;149,57;8,29;E2015/F2016;71,93;21,05;7,02;0;E2015/F2016;;;;E2015/F2016;26.900;28.100;30.300;199;2013-2015;4;2013-2016;176;4;3 år og 6 måneder;290;2013-2015;17;2013-2015;768;Offentlig administration forsvar og politi;Sundhed og socialvæsen;Rejsebureauer rengøring og anden operationel service;Øvrige brancher;37;32;21;10;13;2012-2014;4602;29.800;31.400;34.300;122;2013-2015;2;2013-2016;63;2;2011-2013;196;;;;;;;;;Ingen data;;;Ingen data;;;3,49;119;2016/2017;3,57;120;2016/2017;;;;;;;;;;Ingen data;;;;;;;Ingen data;;;;;;;Ingen data;3,78;100;2016/2017;3,33;116;2016/2017;;;Ingen data;;;Ingen data;3,78;119;2016/2017;3,87;119;2016/2017;150;21;2;31;10;30;101;2016/2017;3,58;116;2016/2017;;;;;Ingen data;3,89;117;2016/2017;4,22;116;2016/2017;3,42;115;2016/2017;3,48;117;2016/2017;3,71;112;2016/2017;Forelæsninger;Selvstudie;Projektarbejde;Gruppearbejde;Klasseundervisning;91;2016/2017
Sociologi;bach_samf;udb2-samfsociologi;www.ug.dk/uddannelser/universitetsuddannelser/bacheloruddannelser/samfundsvidenskabeligebacheloruddannelser/forvaltningmv/sociologi;71310;Sociologi,bach.;Sociologi;Universitetsuddannelser;Bacheloruddannelse;;Aalborg,København K,København K;851,101,101;851446;Aalborg Universitet;9100;Aalborg;Aalborg Kommune;851;Aalborg Universitet - Aalborg;851416;0;133,83;7,33;E2015/F2016;88,89;0;11,11;0;E2015/F2016;75,2;22,48;2,32;E2015/F2016;;;;;Ingen data;;Ingen data;;3;2 år og 10 måneder;336;2013-2015;16;2013-2015;546;;;;;;;;;;Ingen data;;;;;;Ingen data;;Ingen data;;;Ingen data;;;;;;;;;;Ingen data;;;Ingen data;;;3,92;130;2016/2017;3,71;130;2016/2017;;;;;;;;;;Ingen data;;;;;;;Ingen data;;;;;;;Ingen data;3,98;115;2016/2017;3,52;128;2016/2017;;;Ingen data;;;Ingen data;3,89;131;2016/2017;4,05;128;2016/2017;153;35;3;33;7;27;115;2016/2017;3,83;128;2016/2017;;;;;Ingen data;4,19;129;2016/2017;4,39;128;2016/2017;3,11;122;2016/2017;3,71;129;2016/2017;3,83;120;2016/2017;Projektarbejde;Forelæsninger;Selvstudie;Øvelsestimer;Gruppearbejde;113;2016/2017
Software;bach_tek;udb2-civsoftware;www.ug.dk/uddannelser/universitetsuddannelser/bacheloruddannelser/tekniskvidenskabeligebacheloruddannelser/civilingenioeruddannelser/software;79300,3105;Ingeniør una,bach.;Software;Universitetsuddannelser;Bacheloruddannelse;;Aalborg;851;851446;Aalborg Universitet;9100;Aalborg;Aalborg Kommune;851;Aalborg Universitet - Aalborg;851416;0;156;30,33;E2015/F2016;91,67;0;8,33;0;E2015/F2016;;;;E2015/F2016;;;;;Ingen data;;Ingen data;;3;2 år og 9 måneder;688;2013-2015;33;2013-2015;551;;;;;;;;;;Ingen data;;;;;;Ingen data;;Ingen data;;;Ingen data;;;;;;;;;;Ingen data;;;Ingen data;;;3,86;74;2016/2017;3,35;74;2016/2017;;;;;;;;;;Ingen data;;;;;;;Ingen data;;;;;;;Ingen data;4,21;68;2016/2017;3,37;73;2016/2017;;;Ingen data;;;Ingen data;3,74;73;2016/2017;4,01;74;2016/2017;91;28;2;28;3;29;68;2016/2017;3,84;73;2016/2017;;;;;Ingen data;4,16;73;2016/2017;4,48;73;2016/2017;3,67;72;2016/2017;3,7;73;2016/2017;3,79;67;2016/2017;Projektarbejde;Gruppearbejde;Forelæsninger;Selvstudie;Øvelsestimer;66;2016/2017
Spansk, Sprog og Internationale studier;bach_hum;udb2-humspansksis;www.ug.dk/uddannelser/universitetsuddannelser/bacheloruddannelser/humanistiskebacheloruddannelser/oevrigehumaniora/spansk-sprog-og-internationale-studier-sis;66320,30390,30410,66520;Spansk og spanskamerikanske studier, bach.;Spansk sprog og internationale studier (SIS);Universitetsuddannelser;Bacheloruddannelse;;Aalborg;851;851446;Aalborg Universitet;9100;Aalborg;Aalborg Kommune;851;Aalborg Universitet - Aalborg;851416;36,5;39;17,33;E2015/F2016;92,11;0;7,89;0;E2015/F2016;83,42;14,49;2,09;E2015/F2016;;;;;Ingen data;;Ingen data;;3;3 år og 1 måneder;34;2013-2015;31;2013-2015;86;;;;;;;;;;Ingen data;;;;;;Ingen data;;Ingen data;;;Ingen data;;;;;;;;;;Ingen data;;;Ingen data;;;4;16;2016/2017;3,69;16;2016/2017;;;;;;;;;;Ingen data;;;;;;;Ingen data;;;;;;;Ingen data;3,54;13;2016/2017;3,44;16;2016/2017;;;Ingen data;;;Ingen data;3,73;15;2016/2017;3,69;16;2016/2017;17;35;2;22;6;20;13;2016/2017;3,69;16;2016/2017;;;;;Ingen data;4,31;16;2016/2017;4,5;16;2016/2017;3,75;16;2016/2017;3,63;16;2016/2017;3,38;16;2016/2017;Selvstudie;Projektarbejde;Klasseundervisning;Gruppearbejde;Faglig vejledning fra din underviser;13;2016/2017
Sundhedsteknologi;bach_tek;udb2-civsundhedsteknologi;www.ug.dk/uddannelser/universitetsuddannelser/bacheloruddannelser/tekniskvidenskabeligebacheloruddannelser/civilingenioeruddannelser/sundhedsteknologi;80420,793;Sundhedsteknologi,ing.bach.;Sundhedsteknologi;Universitetsuddannelser;Bacheloruddannelse;;Aalborg;851;851446;Aalborg Universitet;9100;Aalborg;Aalborg Kommune;851;Aalborg Universitet - Aalborg;851416;93,17;98,17;29,33;E2015/F2016;91,67;0;8,33;0;E2015/F2016;96,96;2,9;0,15;E2015/F2016;;;;;Ingen data;;Ingen data;;3;2 år og 9 måneder;666;2013-2015;42;2013-2015;409;;;;;;;;;;Ingen data;;;;;;Ingen data;;Ingen data;;;Ingen data;;;;;;;;;;Ingen data;;;Ingen data;;;4,11;38;2016/2017;4,08;38;2016/2017;;;;;;;;;;Ingen data;;;;;;;Ingen data;;;;;;;Ingen data;4,31;35;2016/2017;3,97;38;2016/2017;;;Ingen data;;;Ingen data;4,16;38;2016/2017;4,24;38;2016/2017;42;32;0;23;4;33;35;2016/2017;4,08;38;2016/2017;;;;;Ingen data;4,21;38;2016/2017;4,58;38;2016/2017;3,79;38;2016/2017;3,68;38;2016/2017;3,95;37;2016/2017;Projektarbejde;Gruppearbejde;Forelæsninger;Selvstudie;Faglig vejledning fra din underviser;32;2016/2017
Sustainable biotechnology;bach_tek;udb2-civbaeredygtigbiot;www.ug.dk/uddannelser/universitetsuddannelser/bacheloruddannelser/tekniskvidenskabeligebacheloruddannelser/civilingenioeruddannelser/sustainable-biotechnology;79240;Bæredygtig bioteknologi,ing.bach.;Sustainable Biotechnology;Universitetsuddannelser;Bacheloruddannelse;Bæredygtig bioteknologi,Bæredygtig bioteknologi;København SV;101;851446;Aalborg Universitet;2450;København SV;Københavns Kommune;101;Aalborg Universitet - København SV;151413;164,67;0;28,17;E2015/F2016;91,67;0;8,33;0;E2015/F2016;88,22;11,78;0;E2015/F2016;;;;;Ingen data;;Ingen data;;;;;Ingen data;16;2013-2015;50;;;;;;;;;;Ingen data;;;;;;Ingen data;;Ingen data;;;Ingen data;;;;;;;;;;Ingen data;;;Ingen data;;;3,76;21;2016/2017;3,62;21;2016/2017;;;;;;;;;;Ingen data;;;;;;;Ingen data;;;;;;;Ingen data;3,67;21;2016/2017;3,1;21;2016/2017;;;Ingen data;;;Ingen data;3,71;21;2016/2017;3,67;21;2016/2017;27;38;3;27;9;26;21;2016/2017;3,67;21;2016/2017;;;;;Ingen data;3,62;21;2016/2017;3,86;21;2016/2017;3,55;20;2016/2017;3,29;21;2016/2017;3,48;21;2016/2017;Projektarbejde;Forelæsninger;Gruppearbejde;Selvstudie;Øvelsestimer;22;2016/2017
Teknoantropologi;bach_tek;udb2-civteknoantropologi;www.ug.dk/uddannelser/universitetsuddannelser/bacheloruddannelser/tekniskvidenskabeligebacheloruddannelser/oevrigetekniskvidenskab/teknoantropologi;80520;Teknoantropologi,bach.;Teknoantropologi;Universitetsuddannelser;Bacheloruddannelse;;Aalborg,København SV;851,101;851446;Aalborg Universitet;9100;Aalborg;Aalborg Kommune;851;Aalborg Universitet - Aalborg;851416;147,33;8,67;28,17;E2015/F2016;88,89;0;11,11;0;E2015/F2016;97,71;2,29;0;E2015/F2016;;;;;Ingen data;;Ingen data;;3;2 år og 10 måneder;102;2013-2015;18;2013-2015;359;;;;;;;;;;Ingen data;;;;;;Ingen data;;Ingen data;;;Ingen data;;;;;;;;;;Ingen data;;;Ingen data;;;4,08;26;2016/2017;3,77;26;2016/2017;;;;;;;;;;Ingen data;;;;;;;Ingen data;;;;;;;Ingen data;3,86;21;2016/2017;3,46;26;2016/2017;;;Ingen data;;;Ingen data;4;26;2016/2017;3,88;26;2016/2017;29;35;1;33;5;31;22;2016/2017;3,77;26;2016/2017;;;;;Ingen data;4,23;26;2016/2017;4,15;26;2016/2017;3,69;26;2016/2017;3,58;26;2016/2017;4,04;26;2016/2017;Projektarbejde;Selvstudie;Forelæsninger;Gruppearbejde;Klasseundervisning;21;2016/2017
Teknoantropologi;bach_tek;udb2-civteknoantropologi;www.ug.dk/uddannelser/universitetsuddannelser/bacheloruddannelser/tekniskvidenskabeligebacheloruddannelser/oevrigetekniskvidenskab/teknoantropologi;80520;Teknoantropologi,bach.;Teknoantropologi;Universitetsuddannelser;Bacheloruddannelse;;Aalborg,København SV;851,101;851446;Aalborg Universitet;2450;København SV;Københavns Kommune;101;Aalborg Universitet - København SV;151413;34,67;121,33;28,17;E2015/F2016;88,89;0;11,11;0;E2015/F2016;93,22;6,78;0;E2015/F2016;;;;;Ingen data;;Ingen data;;3;2 år og 10 måneder;102;2013-2015;18;2013-2015;359;;;;;;;;;;Ingen data;;;;;;Ingen data;;Ingen data;;;Ingen data;;;;;;;;;;Ingen data;;;Ingen data;;;;;Ingen data;;;Ingen data;;;;;;;;;;Ingen data;;;;;;;Ingen data;;;;;;;Ingen data;;;Ingen data;;;Ingen data;;;Ingen data;;;Ingen data;;;Ingen data;;;Ingen data;;;;;;;;Ingen data;;;Ingen data;;;;;Ingen data;;;Ingen data;;;Ingen data;;;Ingen data;;;Ingen data;;;Ingen data;;;;;;;Ingen data
Tysk;bach_hum;udb2-humtysk;www.ug.dk/uddannelser/universitetsuddannelser/bacheloruddannelser/humanistiskebacheloruddannelser/sprog/tysk;66420;Tysk,bach.;Tysk;Universitetsuddannelser;Bacheloruddannelse;;Aalborg,København K,Odense M,Aarhus C,København K;851,101,461,751,101;851446;Aalborg Universitet;9100;Aalborg;Aalborg Kommune;851;Aalborg Universitet - Aalborg;851416;81,2;0;15,6;E2015/F2016;90;0;10;0;E2015/F2016;75,15;24,85;0;E2015/F2016;;;;;Ingen data;;Ingen data;;3;2 år og 8 måneder;13;2013-2015;37;2013-2015;43;;;;;;;;;;Ingen data;;;;;;Ingen data;;Ingen data;;;Ingen data;;;;;;;;;;Ingen data;;;Ingen data;;;;;Ingen data;;;Ingen data;;;;;;;;;;Ingen data;;;;;;;Ingen data;;;;;;;Ingen data;;;Ingen data;;;Ingen data;;;Ingen data;;;Ingen data;;;Ingen data;;;Ingen data;;;;;;;;Ingen data;;;Ingen data;;;;;Ingen data;;;Ingen data;;;Ingen data;;;Ingen data;;;Ingen data;;;Ingen data;;;;;;;Ingen data
Økonomi;bach_samf;udb2-samfoekonomi;www.ug.dk/uddannelser/universitetsuddannelser/bacheloruddannelser/samfundsvidenskabeligebacheloruddannelser/erhvervsoekonomi/oekonomi;70620;Økonomi,bach.;Økonomi;Universitetsuddannelser;Bacheloruddannelse;Advanced Economics and Finance,Samfundsøkonomi,Samfundsøkonomi;Aalborg,København K,Odense M,Aarhus C,København K,Aarhus C;851,101,461,751,101,751;851446;Aalborg Universitet;9100;Aalborg;Aalborg Kommune;851;Aalborg Universitet - Aalborg;851416;68;46;6,17;E2015/F2016;80,56;8,33;11,11;0;E2015/F2016;80,18;15,49;4,33;E2015/F2016;;;;;Ingen data;;Ingen data;;3;2 år og 10 måneder;71;2013-2015;15;2013-2015;114;;;;;;;;;;Ingen data;;;;;;Ingen data;;Ingen data;;;Ingen data;;;;;;;;;;Ingen data;;;Ingen data;;;3,67;30;2016/2017;3,28;29;2016/2017;;;;;;;;;;Ingen data;;;;;;;Ingen data;;;;;;;Ingen data;4,08;24;2016/2017;3,48;29;2016/2017;;;Ingen data;;;Ingen data;3,9;30;2016/2017;3,97;30;2016/2017;38;32;2;27;5;21;24;2016/2017;3,7;30;2016/2017;;;;;Ingen data;4,33;30;2016/2017;4,5;30;2016/2017;3,27;30;2016/2017;3,87;30;2016/2017;3,93;29;2016/2017;Projektarbejde;Forelæsninger;Selvstudie;Gruppearbejde;Faglig vejledning fra din underviser;24;2016/2017
